DateHeureScraping,NomLivre,CategorieLivre,PrixLivre,NoteLivre
2026-04-02 01:05:38,It's Only the Himalayas,Travel,45.17,"2,0/5"
2026-04-02 01:05:38,Full Moon over Noah’s Ark: An Odyssey to Mount Ararat and Beyond,Travel,49.43,"4,0/5"
2026-04-02 01:05:38,See America: A Celebration of Our National Parks & Treasured Sites,Travel,48.87,"3,0/5"
2026-04-02 01:05:38,Vagabonding: An Uncommon Guide to the Art of Long-Term World Travel,Travel,36.94,"2,0/5"
2026-04-02 01:05:38,Under the Tuscan Sun,Travel,37.33,"3,0/5"
2026-04-02 01:05:38,A Summer In Europe,Travel,44.34,"2,0/5"
2026-04-02 01:05:38,The Great Railway Bazaar,Travel,30.54,"1,0/5"
2026-04-02 01:05:38,A Year in Provence (Provence #1),Travel,56.88,"4,0/5"
2026-04-02 01:05:38,The Road to Little Dribbling: Adventures of an American in Britain (Notes From a Small Island #2),Travel,23.21,"1,0/5"
2026-04-02 01:05:38,Neither Here nor There: Travels in Europe,Travel,38.95,"3,0/5"
2026-04-02 01:05:38,"1,000 Places to See Before You Die",Travel,26.08,"5,0/5"
2026-04-02 01:05:38,Sharp Objects,Mystery,47.82,"4,0/5"
2026-04-02 01:05:38,"In a Dark, Dark Wood",Mystery,19.63,"1,0/5"
2026-04-02 01:05:38,The Past Never Ends,Mystery,56.5,"4,0/5"
2026-04-02 01:05:38,A Murder in Time,Mystery,16.64,"1,0/5"
2026-04-02 01:05:38,The Murder of Roger Ackroyd (Hercule Poirot #4),Mystery,44.1,"4,0/5"
2026-04-02 01:05:38,The Last Mile (Amos Decker #2),Mystery,54.21,"2,0/5"
2026-04-02 01:05:38,That Darkness (Gardiner and Renner #1),Mystery,13.92,"1,0/5"
2026-04-02 01:05:38,Tastes Like Fear (DI Marnie Rome #3),Mystery,10.69,"1,0/5"
2026-04-02 01:05:38,A Time of Torment (Charlie Parker #14),Mystery,48.35,"5,0/5"
2026-04-02 01:05:38,A Study in Scarlet (Sherlock Holmes #1),Mystery,16.73,"2,0/5"
2026-04-02 01:05:38,Poisonous (Max Revere Novels #3),Mystery,26.8,"3,0/5"
2026-04-02 01:05:38,Murder at the 42nd Street Library (Raymond Ambler #1),Mystery,54.36,"4,0/5"
2026-04-02 01:05:38,Most Wanted,Mystery,35.28,"3,0/5"
2026-04-02 01:05:38,Hide Away (Eve Duncan #20),Mystery,11.84,"1,0/5"
2026-04-02 01:05:38,Boar Island (Anna Pigeon #19),Mystery,59.48,"3,0/5"
2026-04-02 01:05:38,The Widow,Mystery,27.26,"2,0/5"
2026-04-02 01:05:38,Playing with Fire,Mystery,13.71,"3,0/5"
2026-04-02 01:05:38,What Happened on Beale Street (Secrets of the South Mysteries #2),Mystery,25.37,"5,0/5"
2026-04-02 01:05:38,The Bachelor Girl's Guide to Murder (Herringford and Watts Mysteries #1),Mystery,52.3,"5,0/5"
2026-04-02 01:05:38,Delivering the Truth (Quaker Midwife Mystery #1),Mystery,20.89,"4,0/5"
2026-04-02 01:05:38,The Mysterious Affair at Styles (Hercule Poirot #1),Mystery,24.8,"4,0/5"
2026-04-02 01:05:38,In the Woods (Dublin Murder Squad #1),Mystery,38.38,"2,0/5"
2026-04-02 01:05:38,The Silkworm (Cormoran Strike #2),Mystery,23.05,"5,0/5"
2026-04-02 01:05:38,The Exiled,Mystery,43.45,"3,0/5"
2026-04-02 01:05:38,The Cuckoo's Calling (Cormoran Strike #1),Mystery,19.21,"1,0/5"
2026-04-02 01:05:38,Extreme Prey (Lucas Davenport #26),Mystery,25.4,"3,0/5"
2026-04-02 01:05:38,Career of Evil (Cormoran Strike #3),Mystery,24.72,"2,0/5"
2026-04-02 01:05:38,The No. 1 Ladies' Detective Agency (No. 1 Ladies' Detective Agency #1),Mystery,57.7,"4,0/5"
2026-04-02 01:05:38,The Girl You Lost,Mystery,12.29,"5,0/5"
2026-04-02 01:05:38,The Girl In The Ice (DCI Erika Foster #1),Mystery,15.85,"3,0/5"
2026-04-02 01:05:38,Blood Defense (Samantha Brinkman #1),Mystery,20.3,"3,0/5"
2026-04-02 01:05:38,1st to Die (Women's Murder Club #1),Mystery,53.98,"1,0/5"
2026-04-02 01:05:38,Tipping the Velvet,Historical Fiction,53.74,"1,0/5"
2026-04-02 01:05:38,Forever and Forever: The Courtship of Henry Longfellow and Fanny Appleton,Historical Fiction,29.69,"3,0/5"
2026-04-02 01:05:38,A Flight of Arrows (The Pathfinders #2),Historical Fiction,55.53,"5,0/5"
2026-04-02 01:05:38,The House by the Lake,Historical Fiction,36.95,"1,0/5"
2026-04-02 01:05:38,Mrs. Houdini,Historical Fiction,30.25,"5,0/5"
2026-04-02 01:05:38,The Marriage of Opposites,Historical Fiction,28.08,"4,0/5"
2026-04-02 01:05:38,Glory over Everything: Beyond The Kitchen House,Historical Fiction,45.84,"3,0/5"
2026-04-02 01:05:38,"Love, Lies and Spies",Historical Fiction,20.55,"2,0/5"
2026-04-02 01:05:38,A Paris Apartment,Historical Fiction,39.01,"4,0/5"
2026-04-02 01:05:38,Lilac Girls,Historical Fiction,17.28,"2,0/5"
2026-04-02 01:05:38,The Constant Princess (The Tudor Court #1),Historical Fiction,16.62,"3,0/5"
2026-04-02 01:05:38,The Invention of Wings,Historical Fiction,37.34,"1,0/5"
2026-04-02 01:05:38,World Without End (The Pillars of the Earth #2),Historical Fiction,32.97,"4,0/5"
2026-04-02 01:05:38,The Passion of Dolssa,Historical Fiction,28.32,"5,0/5"
2026-04-02 01:05:38,Girl With a Pearl Earring,Historical Fiction,26.77,"1,0/5"
2026-04-02 01:05:38,Voyager (Outlander #3),Historical Fiction,21.07,"5,0/5"
2026-04-02 01:05:38,The Red Tent,Historical Fiction,35.66,"5,0/5"
2026-04-02 01:05:38,The Last Painting of Sara de Vos,Historical Fiction,55.55,"2,0/5"
2026-04-02 01:05:38,The Guernsey Literary and Potato Peel Pie Society,Historical Fiction,49.53,"1,0/5"
2026-04-02 01:05:38,Girl in the Blue Coat,Historical Fiction,46.83,"2,0/5"
2026-04-02 01:05:38,Between Shades of Gray,Historical Fiction,20.79,"5,0/5"
2026-04-02 01:05:38,While You Were Mine,Historical Fiction,41.32,"5,0/5"
2026-04-02 01:05:38,The Secret Healer,Historical Fiction,34.56,"3,0/5"
2026-04-02 01:05:38,Starlark,Historical Fiction,25.83,"3,0/5"
2026-04-02 01:05:38,Lost Among the Living,Historical Fiction,27.7,"4,0/5"
2026-04-02 01:05:38,A Spy's Devotion (The Regency Spies of London #1),Historical Fiction,16.97,"5,0/5"
2026-04-02 01:05:38,Scott Pilgrim's Precious Little Life (Scott Pilgrim #1),Sequential Art,52.29,"5,0/5"
2026-04-02 01:05:38,Tsubasa: WoRLD CHRoNiCLE 2 (Tsubasa WoRLD CHRoNiCLE #2),Sequential Art,16.28,"1,0/5"
2026-04-02 01:05:38,This One Summer,Sequential Art,19.49,"4,0/5"
2026-04-02 01:05:38,The Nameless City (The Nameless City #1),Sequential Art,38.16,"4,0/5"
2026-04-02 01:05:38,"Saga, Volume 5 (Saga (Collected Editions) #5)",Sequential Art,51.04,"2,0/5"
2026-04-02 01:05:38,"Rat Queens, Vol. 3: Demons (Rat Queens (Collected Editions) #11-15)",Sequential Art,50.4,"3,0/5"
2026-04-02 01:05:38,"Princess Jellyfish 2-in-1 Omnibus, Vol. 01 (Princess Jellyfish 2-in-1 Omnibus #1)",Sequential Art,13.61,"5,0/5"
2026-04-02 01:05:38,"Pop Gun War, Volume 1: Gift",Sequential Art,18.97,"1,0/5"
2026-04-02 01:05:38,Patience,Sequential Art,10.16,"3,0/5"
2026-04-02 01:05:38,"Outcast, Vol. 1: A Darkness Surrounds Him (Outcast #1)",Sequential Art,15.44,"4,0/5"
2026-04-02 01:05:38,orange: The Complete Collection 1 (orange: The Complete Collection #1),Sequential Art,48.41,"1,0/5"
2026-04-02 01:05:38,"Lumberjanes, Vol. 2: Friendship to the Max (Lumberjanes #5-8)",Sequential Art,46.91,"2,0/5"
2026-04-02 01:05:38,"Lumberjanes, Vol. 1: Beware the Kitten Holy (Lumberjanes #1-4)",Sequential Art,45.61,"3,0/5"
2026-04-02 01:05:38,Lumberjanes Vol. 3: A Terrible Plan (Lumberjanes #9-12),Sequential Art,19.92,"2,0/5"
2026-04-02 01:05:38,"I Hate Fairyland, Vol. 1: Madly Ever After (I Hate Fairyland (Compilations) #1-5)",Sequential Art,29.17,"2,0/5"
2026-04-02 01:05:38,I am a Hero Omnibus Volume 1,Sequential Art,54.63,"3,0/5"
2026-04-02 01:05:38,"Giant Days, Vol. 2 (Giant Days #5-8)",Sequential Art,22.11,"2,0/5"
2026-04-02 01:05:38,Danganronpa Volume 1,Sequential Art,51.99,"4,0/5"
2026-04-02 01:05:38,"Codename Baboushka, Volume 1: The Conclave of Death",Sequential Art,36.72,"4,0/5"
2026-04-02 01:05:38,Camp Midnight,Sequential Art,17.08,"4,0/5"
2026-04-02 01:05:38,"Bitch Planet, Vol. 1: Extraordinary Machine (Bitch Planet (Collected Editions))",Sequential Art,37.92,"2,0/5"
2026-04-02 01:05:38,The Shadow Hero (The Shadow Hero),Sequential Art,33.14,"1,0/5"
2026-04-02 01:05:38,"Fables, Vol. 1: Legends in Exile (Fables #1)",Sequential Art,41.62,"4,0/5"
2026-04-02 01:05:38,Batman: The Long Halloween (Batman),Sequential Art,36.5,"2,0/5"
2026-04-02 01:05:38,Batman: The Dark Knight Returns (Batman),Sequential Art,15.38,"5,0/5"
2026-04-02 01:05:38,"Wonder Woman: Earth One, Volume One (Wonder Woman: Earth One #1)",Sequential Art,37.34,"4,0/5"
2026-04-02 01:05:38,"We Are Robin, Vol. 1: The Vigilante Business (We Are Robin #1)",Sequential Art,53.9,"1,0/5"
2026-04-02 01:05:38,Through the Woods,Sequential Art,25.38,"2,0/5"
2026-04-02 01:05:38,Superman Vol. 1: Before Truth (Superman by Gene Luen Yang #1),Sequential Art,11.89,"5,0/5"
2026-04-02 01:05:38,"So Cute It Hurts!!, Vol. 6 (So Cute It Hurts!! #6)",Sequential Art,35.43,"4,0/5"
2026-04-02 01:05:38,Robin War,Sequential Art,47.82,"3,0/5"
2026-04-02 01:05:38,"Red Hood/Arsenal, Vol. 1: Open for Business (Red Hood/Arsenal #1)",Sequential Art,25.48,"2,0/5"
2026-04-02 01:05:38,"Naruto (3-in-1 Edition), Vol. 14: Includes Vols. 40, 41 & 42 (Naruto: Omnibus #14)",Sequential Art,38.39,"2,0/5"
2026-04-02 01:05:38,Lowriders to the Center of the Earth (Lowriders in Space #2),Sequential Art,51.51,"2,0/5"
2026-04-02 01:05:38,El Deafo,Sequential Art,57.62,"5,0/5"
2026-04-02 01:05:38,Batman: Europa,Sequential Art,32.01,"2,0/5"
2026-04-02 01:05:38,Art Ops Vol. 1,Sequential Art,48.8,"3,0/5"
2026-04-02 01:05:38,"Adulthood Is a Myth: A ""Sarah's Scribbles"" Collection",Sequential Art,10.9,"2,0/5"
2026-04-02 01:05:38,"Fruits Basket, Vol. 9 (Fruits Basket #9)",Sequential Art,33.95,"4,0/5"
2026-04-02 01:05:38,Roller Girl,Sequential Art,14.1,"5,0/5"
2026-04-02 01:05:38,"Fruits Basket, Vol. 7 (Fruits Basket #7)",Sequential Art,19.57,"1,0/5"
2026-04-02 01:05:38,"Fruits Basket, Vol. 6 (Fruits Basket #6)",Sequential Art,20.96,"4,0/5"
2026-04-02 01:05:38,"Death Note, Vol. 6: Give-and-Take (Death Note #6)",Sequential Art,36.39,"3,0/5"
2026-04-02 01:05:38,"Fruits Basket, Vol. 5 (Fruits Basket #5)",Sequential Art,16.33,"1,0/5"
2026-04-02 01:05:38,"Death Note, Vol. 5: Whiteout (Death Note #5)",Sequential Art,52.41,"1,0/5"
2026-04-02 01:05:38,"The Demon Prince of Momochi House, Vol. 4 (The Demon Prince of Momochi House #4)",Sequential Art,27.88,"2,0/5"
2026-04-02 01:05:38,"Fruits Basket, Vol. 4 (Fruits Basket #4)",Sequential Art,50.44,"4,0/5"
2026-04-02 01:05:38,"The Wicked + The Divine, Vol. 3: Commercial Suicide (The Wicked + The Divine)",Sequential Art,14.41,"3,0/5"
2026-04-02 01:05:38,"The Sandman, Vol. 3: Dream Country (The Sandman (volumes) #3)",Sequential Art,55.55,"5,0/5"
2026-04-02 01:05:38,"Saga, Volume 3 (Saga (Collected Editions) #3)",Sequential Art,21.57,"5,0/5"
2026-04-02 01:05:38,Prodigy: The Graphic Novel (Legend: The Graphic Novel #2),Sequential Art,43.63,"3,0/5"
2026-04-02 01:05:38,Persepolis: The Story of a Childhood (Persepolis #1-2),Sequential Art,39.13,"1,0/5"
2026-04-02 01:05:38,Original Fake,Sequential Art,31.45,"3,0/5"
2026-04-02 01:05:38,"Grayson, Vol 3: Nemesis (Grayson #3)",Sequential Art,42.72,"1,0/5"
2026-04-02 01:05:38,"Fruits Basket, Vol. 3 (Fruits Basket #3)",Sequential Art,45.17,"2,0/5"
2026-04-02 01:05:38,"Black Butler, Vol. 1 (Black Butler #1)",Sequential Art,49.31,"1,0/5"
2026-04-02 01:05:38,Awkward,Sequential Art,38.02,"2,0/5"
2026-04-02 01:05:38,"The Sandman, Vol. 2: The Doll's House (The Sandman (volumes) #2)",Sequential Art,54.81,"1,0/5"
2026-04-02 01:05:38,"Saga, Volume 2 (Saga (Collected Editions) #2)",Sequential Art,11.75,"3,0/5"
2026-04-02 01:05:38,"Fruits Basket, Vol. 2 (Fruits Basket #2)",Sequential Art,11.64,"5,0/5"
2026-04-02 01:05:38,"Y: The Last Man, Vol. 1: Unmanned (Y: The Last Man #1)",Sequential Art,18.51,"4,0/5"
2026-04-02 01:05:38,"The Wicked + The Divine, Vol. 1: The Faust Act (The Wicked + The Divine)",Sequential Art,36.52,"2,0/5"
2026-04-02 01:05:38,"The Sandman, Vol. 1: Preludes and Nocturnes (The Sandman (volumes) #1)",Sequential Art,54.12,"3,0/5"
2026-04-02 01:05:38,The Complete Maus (Maus #1-2),Sequential Art,10.64,"3,0/5"
2026-04-02 01:05:38,"Skip Beat!, Vol. 01 (Skip Beat! #1)",Sequential Art,42.12,"3,0/5"
2026-04-02 01:05:38,"Saga, Volume 1 (Saga (Collected Editions) #1)",Sequential Art,28.48,"1,0/5"
2026-04-02 01:05:38,"Rat Queens, Vol. 1: Sass & Sorcery (Rat Queens (Collected Editions) #1-5)",Sequential Art,46.96,"5,0/5"
2026-04-02 01:05:38,"Paper Girls, Vol. 1 (Paper Girls #1-5)",Sequential Art,21.71,"4,0/5"
2026-04-02 01:05:38,"Ouran High School Host Club, Vol. 1 (Ouran High School Host Club #1)",Sequential Art,29.87,"3,0/5"
2026-04-02 01:05:38,"Ms. Marvel, Vol. 1: No Normal (Ms. Marvel (2014-2015) #1)",Sequential Art,39.39,"4,0/5"
2026-04-02 01:05:38,"Hawkeye, Vol. 1: My Life as a Weapon (Hawkeye #1)",Sequential Art,45.24,"3,0/5"
2026-04-02 01:05:38,"Giant Days, Vol. 1 (Giant Days #1-4)",Sequential Art,56.76,"4,0/5"
2026-04-02 01:05:38,"Fruits Basket, Vol. 1 (Fruits Basket #1)",Sequential Art,40.28,"5,0/5"
2026-04-02 01:05:38,"Bleach, Vol. 1: Strawberry and the Soul Reapers (Bleach #1)",Sequential Art,34.65,"5,0/5"
2026-04-02 01:05:38,"Ajin: Demi-Human, Volume 1 (Ajin: Demi-Human #1)",Sequential Art,57.06,"4,0/5"
2026-04-02 01:05:38,The Secret Garden,Classics,15.08,"4,0/5"
2026-04-02 01:05:38,The Metamorphosis,Classics,28.58,"1,0/5"
2026-04-02 01:05:38,The Pilgrim's Progress,Classics,50.26,"2,0/5"
2026-04-02 01:05:38,The Hound of the Baskervilles (Sherlock Holmes #5),Classics,14.82,"2,0/5"
2026-04-02 01:05:38,Little Women (Little Women #1),Classics,28.07,"4,0/5"
2026-04-02 01:05:38,Gone with the Wind,Classics,32.49,"3,0/5"
2026-04-02 01:05:38,Candide,Classics,58.63,"3,0/5"
2026-04-02 01:05:38,Animal Farm,Classics,57.22,"3,0/5"
2026-04-02 01:05:38,Wuthering Heights,Classics,17.73,"3,0/5"
2026-04-02 01:05:38,The Picture of Dorian Gray,Classics,29.7,"2,0/5"
2026-04-02 01:05:38,The Complete Stories and Poems (The Works of Edgar Allan Poe [Cameo Edition]),Classics,26.78,"4,0/5"
2026-04-02 01:05:38,Beowulf,Classics,38.35,"2,0/5"
2026-04-02 01:05:38,And Then There Were None,Classics,35.01,"2,0/5"
2026-04-02 01:05:38,The Story of Hong Gildong,Classics,43.19,"4,0/5"
2026-04-02 01:05:38,The Little Prince,Classics,45.42,"2,0/5"
2026-04-02 01:05:38,Sense and Sensibility,Classics,37.46,"1,0/5"
2026-04-02 01:05:38,Of Mice and Men,Classics,47.11,"2,0/5"
2026-04-02 01:05:38,Emma,Classics,32.93,"2,0/5"
2026-04-02 01:05:38,Alice in Wonderland (Alice's Adventures in Wonderland #1),Classics,55.53,"1,0/5"
2026-04-02 01:05:38,Sophie's World,Philosophy,15.94,"5,0/5"
2026-04-02 01:05:38,The Death of Humanity: and the Case for Life,Philosophy,58.11,"4,0/5"
2026-04-02 01:05:38,The Stranger,Philosophy,17.44,"4,0/5"
2026-04-02 01:05:38,Proofs of God: Classical Arguments from Tertullian to Barth,Philosophy,54.21,"1,0/5"
2026-04-02 01:05:38,Kierkegaard: A Christian Missionary to Christians,Philosophy,47.13,"1,0/5"
2026-04-02 01:05:38,"At The Existentialist Café: Freedom, Being, and apricot cocktails with: Jean-Paul Sartre, Simone de Beauvoir, Albert Camus, Martin Heidegger, Edmund Husserl, Karl Jaspers, Maurice Merleau-Ponty and others",Philosophy,29.93,"5,0/5"
2026-04-02 01:05:38,Critique of Pure Reason,Philosophy,20.75,"1,0/5"
2026-04-02 01:05:38,"Run, Spot, Run: The Ethics of Keeping Pets",Philosophy,20.02,"1,0/5"
2026-04-02 01:05:38,The Nicomachean Ethics,Philosophy,36.34,"1,0/5"
2026-04-02 01:05:38,Meditations,Philosophy,25.89,"2,0/5"
2026-04-02 01:05:38,Beyond Good and Evil,Philosophy,43.38,"1,0/5"
2026-04-02 01:05:38,Chase Me (Paris Nights #2),Romance,25.27,"5,0/5"
2026-04-02 01:05:38,Black Dust,Romance,34.53,"5,0/5"
2026-04-02 01:05:38,Her Backup Boyfriend (The Sorensen Family #1),Romance,33.97,"1,0/5"
2026-04-02 01:05:38,First and First (Five Boroughs #3),Romance,15.97,"4,0/5"
2026-04-02 01:05:38,Fifty Shades Darker (Fifty Shades #2),Romance,21.96,"1,0/5"
2026-04-02 01:05:38,The Wedding Dress,Romance,24.12,"1,0/5"
2026-04-02 01:05:38,Suddenly in Love (Lake Haven #1),Romance,55.99,"2,0/5"
2026-04-02 01:05:38,Something More Than This,Romance,16.24,"4,0/5"
2026-04-02 01:05:38,Doing It Over (Most Likely To #1),Romance,35.61,"3,0/5"
2026-04-02 01:05:38,The Wedding Pact (The O'Malleys #2),Romance,32.61,"3,0/5"
2026-04-02 01:05:38,Hold Your Breath (Search and Rescue #1),Romance,28.82,"1,0/5"
2026-04-02 01:05:38,Dirty (Dive Bar #1),Romance,40.83,"4,0/5"
2026-04-02 01:05:38,Take Me Home Tonight (Rock Star Romance #3),Romance,53.98,"3,0/5"
2026-04-02 01:05:38,Off the Hook (Fishing for Trouble #1),Romance,47.67,"3,0/5"
2026-04-02 01:05:38,A Gentleman's Position (Society of Gentlemen #3),Romance,14.75,"5,0/5"
2026-04-02 01:05:38,"Sit, Stay, Love",Romance,20.9,"3,0/5"
2026-04-02 01:05:38,A Girl's Guide to Moving On (New Beginnings #2),Romance,31.3,"1,0/5"
2026-04-02 01:05:38,The Perfect Play (Play by Play #1),Romance,59.99,"3,0/5"
2026-04-02 01:05:38,Dark Lover (Black Dagger Brotherhood #1),Romance,12.87,"1,0/5"
2026-04-02 01:05:38,Changing the Game (Play by Play #2),Romance,13.38,"3,0/5"
2026-04-02 01:05:38,A Walk to Remember,Romance,56.43,"1,0/5"
2026-04-02 01:05:38,The Purest Hook (Second Circle Tattoos #3),Romance,12.25,"1,0/5"
2026-04-02 01:05:38,The Obsession,Romance,45.43,"1,0/5"
2026-04-02 01:05:38,Reservations for Two,Romance,11.1,"3,0/5"
2026-04-02 01:05:38,Best of My Love (Fool's Gold #20),Romance,27.41,"2,0/5"
2026-04-02 01:05:38,Where Lightning Strikes (Bleeding Stars #3),Romance,39.77,"3,0/5"
2026-04-02 01:05:38,This One Moment (Pushing Limits #1),Romance,48.71,"1,0/5"
2026-04-02 01:05:38,"Rhythm, Chord & Malykhin",Romance,28.34,"2,0/5"
2026-04-02 01:05:38,My Perfect Mistake (Over the Top #1),Romance,38.92,"2,0/5"
2026-04-02 01:05:38,Listen to Me (Fusion #1),Romance,58.99,"3,0/5"
2026-04-02 01:05:38,Imperfect Harmony,Romance,34.74,"4,0/5"
2026-04-02 01:05:38,Fighting Fate (Fighting #6),Romance,39.24,"3,0/5"
2026-04-02 01:05:38,Deep Under (Walker Security #1),Romance,47.09,"5,0/5"
2026-04-02 01:05:38,Charity's Cross (Charles Towne Belles #4),Romance,41.24,"1,0/5"
2026-04-02 01:05:38,Bounty (Colorado Mountain #7),Romance,37.26,"4,0/5"
2026-04-02 01:05:38,I Had a Nice Time And Other Lies...: How to find love & sh*t like that,Womens Fiction,57.36,"4,0/5"
2026-04-02 01:05:38,Will You Won't You Want Me?,Womens Fiction,13.86,"3,0/5"
2026-04-02 01:05:38,Keep Me Posted,Womens Fiction,20.46,"4,0/5"
2026-04-02 01:05:38,Grey (Fifty Shades #4),Womens Fiction,48.49,"4,0/5"
2026-04-02 01:05:38,Meternity,Womens Fiction,43.58,"3,0/5"
2026-04-02 01:05:38,Some Women,Womens Fiction,13.73,"5,0/5"
2026-04-02 01:05:38,Shopaholic Ties the Knot (Shopaholic #3),Womens Fiction,48.39,"5,0/5"
2026-04-02 01:05:38,Can You Keep a Secret?,Womens Fiction,21.94,"1,0/5"
2026-04-02 01:05:38,Twenties Girl,Womens Fiction,42.8,"2,0/5"
2026-04-02 01:05:38,The Undomestic Goddess,Womens Fiction,45.75,"4,0/5"
2026-04-02 01:05:38,The Nanny Diaries (Nanny #1),Womens Fiction,52.53,"5,0/5"
2026-04-02 01:05:38,The Devil Wears Prada (The Devil Wears Prada #1),Womens Fiction,44.29,"1,0/5"
2026-04-02 01:05:38,Something Borrowed (Darcy & Rachel #1),Womens Fiction,48.96,"5,0/5"
2026-04-02 01:05:38,Something Blue (Darcy & Rachel #2),Womens Fiction,54.62,"1,0/5"
2026-04-02 01:05:38,I've Got Your Number,Womens Fiction,19.69,"1,0/5"
2026-04-02 01:05:38,The Edge of Reason (Bridget Jones #2),Womens Fiction,19.18,"4,0/5"
2026-04-02 01:05:38,Bridget Jones's Diary (Bridget Jones #1),Womens Fiction,29.82,"1,0/5"
2026-04-02 01:05:38,Soumission,Fiction,50.1,"1,0/5"
2026-04-02 01:05:38,Private Paris (Private #10),Fiction,47.61,"5,0/5"
2026-04-02 01:05:38,"We Love You, Charlie Freeman",Fiction,50.27,"5,0/5"
2026-04-02 01:05:38,Thirst,Fiction,17.27,"5,0/5"
2026-04-02 01:05:38,The Murder That Never Was (Forensic Instincts #5),Fiction,54.11,"3,0/5"
2026-04-02 01:05:38,Tuesday Nights in 1980,Fiction,21.04,"2,0/5"
2026-04-02 01:05:38,The Vacationers,Fiction,42.15,"4,0/5"
2026-04-02 01:05:38,The Regional Office Is Under Attack!,Fiction,51.36,"5,0/5"
2026-04-02 01:05:38,Finders Keepers (Bill Hodges Trilogy #2),Fiction,53.53,"5,0/5"
2026-04-02 01:05:38,The Time Keeper,Fiction,27.88,"5,0/5"
2026-04-02 01:05:38,The Testament of Mary,Fiction,52.67,"4,0/5"
2026-04-02 01:05:38,The First Hostage (J.B. Collins #2),Fiction,25.85,"3,0/5"
2026-04-02 01:05:38,Take Me with You,Fiction,45.21,"3,0/5"
2026-04-02 01:05:38,Still Life with Bread Crumbs,Fiction,26.41,"3,0/5"
2026-04-02 01:05:38,Shtum,Fiction,55.84,"4,0/5"
2026-04-02 01:05:38,My Name Is Lucy Barton,Fiction,41.56,"1,0/5"
2026-04-02 01:05:38,My Mrs. Brown,Fiction,24.48,"3,0/5"
2026-04-02 01:05:38,Mr. Mercedes (Bill Hodges Trilogy #1),Fiction,28.9,"1,0/5"
2026-04-02 01:05:38,I Am Pilgrim (Pilgrim #1),Fiction,10.6,"4,0/5"
2026-04-02 01:05:38,Eligible (The Austen Project #4),Fiction,27.09,"3,0/5"
2026-04-02 01:05:38,Eight Hundred Grapes,Fiction,14.39,"4,0/5"
2026-04-02 01:05:38,Dear Mr. Knightley,Fiction,11.21,"5,0/5"
2026-04-02 01:05:38,Cometh the Hour (The Clifton Chronicles #6),Fiction,25.01,"3,0/5"
2026-04-02 01:05:38,Balloon Animals,Fiction,17.03,"3,0/5"
2026-04-02 01:05:38,A Man Called Ove,Fiction,39.72,"1,0/5"
2026-04-02 01:05:38,The Silent Sister (Riley MacPherson #1),Fiction,46.29,"5,0/5"
2026-04-02 01:05:38,The Dinner Party,Fiction,56.54,"2,0/5"
2026-04-02 01:05:38,The Improbability of Love,Fiction,59.45,"1,0/5"
2026-04-02 01:05:38,Mothering Sunday,Fiction,13.34,"2,0/5"
2026-04-02 01:05:38,Lies and Other Acts of Love,Fiction,45.14,"1,0/5"
2026-04-02 01:05:38,Daredevils,Fiction,16.34,"3,0/5"
2026-04-02 01:05:38,11/22/63,Fiction,48.48,"3,0/5"
2026-04-02 01:05:38,The Shack,Fiction,28.03,"1,0/5"
2026-04-02 01:05:38,The High Mountains of Portugal,Fiction,51.15,"1,0/5"
2026-04-02 01:05:38,Miller's Valley,Fiction,58.54,"2,0/5"
2026-04-02 01:05:38,Hystopia: A Novel,Fiction,21.96,"4,0/5"
2026-04-02 01:05:38,The Bourne Identity (Jason Bourne #1),Fiction,42.78,"4,0/5"
2026-04-02 01:05:38,Sister Dear,Fiction,40.2,"4,0/5"
2026-04-02 01:05:38,Memoirs of a Geisha,Fiction,49.67,"3,0/5"
2026-04-02 01:05:38,Me Before You (Me Before You #1),Fiction,19.02,"1,0/5"
2026-04-02 01:05:38,Deception Point,Fiction,40.32,"4,0/5"
2026-04-02 01:05:38,The Little Paris Bookshop,Fiction,24.73,"3,0/5"
2026-04-02 01:05:38,The Firm,Fiction,45.56,"3,0/5"
2026-04-02 01:05:38,The Expatriates,Fiction,44.58,"2,0/5"
2026-04-02 01:05:38,Siddhartha,Fiction,34.22,"5,0/5"
2026-04-02 01:05:38,Last One Home (New Beginnings #1),Fiction,59.98,"3,0/5"
2026-04-02 01:05:38,Digital Fortress,Fiction,58.0,"5,0/5"
2026-04-02 01:05:38,Atlas Shrugged,Fiction,26.58,"5,0/5"
2026-04-02 01:05:38,Three-Martini Lunch,Fiction,23.21,"3,0/5"
2026-04-02 01:05:38,The Nightingale,Fiction,26.26,"4,0/5"
2026-04-02 01:05:38,The Infinities,Fiction,27.41,"1,0/5"
2026-04-02 01:05:38,The Husband's Secret,Fiction,52.51,"5,0/5"
2026-04-02 01:05:38,The Da Vinci Code (Robert Langdon #2),Fiction,22.96,"2,0/5"
2026-04-02 01:05:38,The Art of Fielding,Fiction,22.1,"1,0/5"
2026-04-02 01:05:38,Lila (Gilead #3),Fiction,12.47,"3,0/5"
2026-04-02 01:05:38,Jurassic Park (Jurassic Park #1),Fiction,44.97,"1,0/5"
2026-04-02 01:05:38,Inferno (Robert Langdon #4),Fiction,41.0,"5,0/5"
2026-04-02 01:05:38,Crazy Rich Asians (Crazy Rich Asians #1),Fiction,49.13,"5,0/5"
2026-04-02 01:05:38,Big Little Lies,Fiction,22.11,"1,0/5"
2026-04-02 01:05:38,The Course of Love,Fiction,16.78,"3,0/5"
2026-04-02 01:05:38,When I'm Gone,Fiction,51.96,"3,0/5"
2026-04-02 01:05:38,The Silent Wife,Fiction,12.34,"5,0/5"
2026-04-02 01:05:38,The Bette Davis Club,Fiction,30.66,"3,0/5"
2026-04-02 01:05:38,Kitchens of the Great Midwest,Fiction,57.2,"5,0/5"
2026-04-02 01:05:38,Bright Lines,Fiction,39.07,"5,0/5"
2026-04-02 01:05:38,Birdsong: A Story in Pictures,Childrens,54.64,"3,0/5"
2026-04-02 01:05:38,The Bear and the Piano,Childrens,36.89,"1,0/5"
2026-04-02 01:05:38,The Secret of Dreadwillow Carse,Childrens,56.13,"1,0/5"
2026-04-02 01:05:38,The White Cat and the Monk: A Retelling of the Poem “Pangur Bán”,Childrens,58.08,"4,0/5"
2026-04-02 01:05:38,Little Red,Childrens,13.47,"3,0/5"
2026-04-02 01:05:38,Walt Disney's Alice in Wonderland,Childrens,12.96,"5,0/5"
2026-04-02 01:05:38,Twenty Yawns,Childrens,22.08,"2,0/5"
2026-04-02 01:05:38,Rain Fish,Childrens,23.57,"3,0/5"
2026-04-02 01:05:38,Once Was a Time,Childrens,18.28,"2,0/5"
2026-04-02 01:05:38,Luis Paints the World,Childrens,53.95,"3,0/5"
2026-04-02 01:05:38,Nap-a-Roo,Childrens,25.08,"1,0/5"
2026-04-02 01:05:38,The Whale,Childrens,35.96,"4,0/5"
2026-04-02 01:05:38,"Shrunken Treasures: Literary Classics, Short, Sweet, and Silly",Childrens,52.87,"3,0/5"
2026-04-02 01:05:38,Raymie Nightingale,Childrens,34.41,"2,0/5"
2026-04-02 01:05:38,Playing from the Heart,Childrens,32.38,"1,0/5"
2026-04-02 01:05:38,Maybe Something Beautiful: How Art Transformed a Neighborhood,Childrens,22.54,"1,0/5"
2026-04-02 01:05:38,The Wild Robot,Childrens,56.07,"3,0/5"
2026-04-02 01:05:38,The Thing About Jellyfish,Childrens,48.77,"1,0/5"
2026-04-02 01:05:38,The Lonely Ones,Childrens,43.59,"5,0/5"
2026-04-02 01:05:38,The Day the Crayons Came Home (Crayons),Childrens,26.33,"5,0/5"
2026-04-02 01:05:38,The Cat in the Hat (Beginner Books B-1),Childrens,16.26,"2,0/5"
2026-04-02 01:05:38,Red: The True Story of Red Riding Hood,Childrens,28.54,"3,0/5"
2026-04-02 01:05:38,Horrible Bear!,Childrens,37.52,"2,0/5"
2026-04-02 01:05:38,Green Eggs and Ham (Beginner Books B-16),Childrens,10.79,"4,0/5"
2026-04-02 01:05:38,Counting Thyme,Childrens,10.62,"1,0/5"
2026-04-02 01:05:38,Are We There Yet?,Childrens,10.66,"3,0/5"
2026-04-02 01:05:38,Diary of a Minecraft Zombie Book 1: A Scare of a Dare (An Unofficial Minecraft Book),Childrens,52.88,"4,0/5"
2026-04-02 01:05:38,Matilda,Childrens,28.34,"1,0/5"
2026-04-02 01:05:38,Charlie and the Chocolate Factory (Charlie Bucket #1),Childrens,22.85,"3,0/5"
2026-04-02 01:05:38,"Don't Be a Jerk: And Other Practical Advice from Dogen, Japan's Greatest Zen Master",Religion,37.97,"2,0/5"
2026-04-02 01:05:38,You Are What You Love: The Spiritual Power of Habit,Religion,21.87,"4,0/5"
2026-04-02 01:05:38,God: The Most Unpleasant Character in All Fiction,Religion,30.03,"5,0/5"
2026-04-02 01:05:38,The Book of Mormon,Religion,24.57,"3,0/5"
2026-04-02 01:05:38,"A History of God: The 4,000-Year Quest of Judaism, Christianity, and Islam",Religion,27.62,"1,0/5"
2026-04-02 01:05:38,The Bhagavad Gita,Religion,57.49,"3,0/5"
2026-04-02 01:05:38,Choosing Our Religion: The Spiritual Lives of America's Nones,Religion,28.42,"4,0/5"
2026-04-02 01:05:38,Worlds Elsewhere: Journeys Around Shakespeare’s Globe,Nonfiction,40.3,"5,0/5"
2026-04-02 01:05:38,The Five Love Languages: How to Express Heartfelt Commitment to Your Mate,Nonfiction,31.05,"3,0/5"
2026-04-02 01:05:38,Reasons to Stay Alive,Nonfiction,26.41,"2,0/5"
2026-04-02 01:05:38,#HigherSelfie: Wake Up Your Life. Free Your Soul. Find Your Tribe.,Nonfiction,23.11,"5,0/5"
2026-04-02 01:05:38,"Unseen City: The Majesty of Pigeons, the Discreet Charm of Snails & Other Wonders of the Urban Wilderness",Nonfiction,44.18,"4,0/5"
2026-04-02 01:05:38,Throwing Rocks at the Google Bus: How Growth Became the Enemy of Prosperity,Nonfiction,31.12,"3,0/5"
2026-04-02 01:05:38,The Life-Changing Magic of Tidying Up: The Japanese Art of Decluttering and Organizing,Nonfiction,16.77,"3,0/5"
2026-04-02 01:05:38,The Gutsy Girl: Escapades for Your Life of Epic Adventure,Nonfiction,37.13,"1,0/5"
2026-04-02 01:05:38,The Electric Pencil: Drawings from Inside State Hospital No. 3,Nonfiction,56.06,"1,0/5"
2026-04-02 01:05:38,Spark Joy: An Illustrated Master Class on the Art of Organizing and Tidying Up,Nonfiction,41.83,"4,0/5"
2026-04-02 01:05:38,Reskilling America: Learning to Labor in the Twenty-First Century,Nonfiction,19.83,"2,0/5"
2026-04-02 01:05:38,In the Country We Love: My Family Divided,Nonfiction,22.0,"4,0/5"
2026-04-02 01:05:38,Everydata: The Misinformation Hidden in the Little Data You Consume Every Day,Nonfiction,54.35,"2,0/5"
2026-04-02 01:05:38,Call the Nurse: True Stories of a Country Nurse on a Scottish Isle,Nonfiction,29.14,"5,0/5"
2026-04-02 01:05:38,Algorithms to Live By: The Computer Science of Human Decisions,Nonfiction,30.81,"1,0/5"
2026-04-02 01:05:38,The Power of Now: A Guide to Spiritual Enlightenment,Nonfiction,43.54,"2,0/5"
2026-04-02 01:05:38,The Omnivore's Dilemma: A Natural History of Four Meals,Nonfiction,38.21,"2,0/5"
2026-04-02 01:05:38,The Genius of Birds,Nonfiction,17.24,"1,0/5"
2026-04-02 01:05:38,The Artist's Way: A Spiritual Path to Higher Creativity,Nonfiction,38.49,"5,0/5"
2026-04-02 01:05:38,So You've Been Publicly Shamed,Nonfiction,12.23,"2,0/5"
2026-04-02 01:05:38,"Daring Greatly: How the Courage to Be Vulnerable Transforms the Way We Live, Love, Parent, and Lead",Nonfiction,19.43,"3,0/5"
2026-04-02 01:05:38,Big Magic: Creative Living Beyond Fear,Nonfiction,30.8,"3,0/5"
2026-04-02 01:05:38,Becoming Wise: An Inquiry into the Mystery and Art of Living,Nonfiction,27.43,"2,0/5"
2026-04-02 01:05:38,Agnostic: A Spirited Manifesto,Nonfiction,12.51,"5,0/5"
2026-04-02 01:05:38,Whole Lotta Creativity Going On: 60 Fun and Unusual Exercises to Awaken and Strengthen Your Creativity,Nonfiction,38.2,"4,0/5"
2026-04-02 01:05:38,What's It Like in Space?: Stories from Astronauts Who've Been There,Nonfiction,19.6,"2,0/5"
2026-04-02 01:05:38,The Year of Magical Thinking,Nonfiction,43.04,"2,0/5"
2026-04-02 01:05:38,The Literature Book (Big Ideas Simply Explained),Nonfiction,17.43,"3,0/5"
2026-04-02 01:05:38,The Bad-Ass Librarians of Timbuktu: And Their Race to Save the World’s Most Precious Manuscripts,Nonfiction,15.77,"1,0/5"
2026-04-02 01:05:38,Swell: A Year of Waves,Nonfiction,45.58,"1,0/5"
2026-04-02 01:05:38,No Dream Is Too High: Life Lessons From a Man Who Walked on the Moon,Nonfiction,21.95,"2,0/5"
2026-04-02 01:05:38,Looking for Lovely: Collecting the Moments that Matter,Nonfiction,29.14,"5,0/5"
2026-04-02 01:05:38,Let It Out: A Journey Through Journaling,Nonfiction,26.79,"5,0/5"
2026-04-02 01:05:38,Hamilton: The Revolution,Nonfiction,58.79,"3,0/5"
2026-04-02 01:05:38,"Far & Away: Places on the Brink of Change: Seven Continents, Twenty-Five Years",Nonfiction,15.06,"4,0/5"
2026-04-02 01:05:38,"Eaternity: More than 150 Deliciously Easy Vegan Recipes for a Long, Healthy, Satisfied, Joyful Life",Nonfiction,51.75,"5,0/5"
2026-04-02 01:05:38,Buying In: The Secret Dialogue Between What We Buy and Who We Are,Nonfiction,37.8,"4,0/5"
2026-04-02 01:05:38,Brain on Fire: My Month of Madness,Nonfiction,49.32,"5,0/5"
2026-04-02 01:05:38,Abstract City,Nonfiction,56.37,"5,0/5"
2026-04-02 01:05:38,13 Hours: The Inside Account of What Really Happened In Benghazi,Nonfiction,27.06,"1,0/5"
2026-04-02 01:05:38,The Lonely City: Adventures in the Art of Being Alone,Nonfiction,33.26,"2,0/5"
2026-04-02 01:05:38,The Diary of a Young Girl,Nonfiction,59.9,"3,0/5"
2026-04-02 01:05:38,Snatched: How A Drug Queen Went Undercover for the DEA and Was Kidnapped By Colombian Guerillas,Nonfiction,21.21,"3,0/5"
2026-04-02 01:05:38,Furiously Happy: A Funny Book About Horrible Things,Nonfiction,41.46,"4,0/5"
2026-04-02 01:05:38,"The Sleep Revolution: Transforming Your Life, One Night at a Time",Nonfiction,11.68,"4,0/5"
2026-04-02 01:05:38,"Mother, Can You Not?",Nonfiction,16.89,"5,0/5"
2026-04-02 01:05:38,A Mother's Reckoning: Living in the Aftermath of Tragedy,Nonfiction,19.53,"3,0/5"
2026-04-02 01:05:38,"10% Happier: How I Tamed the Voice in My Head, Reduced Stress Without Losing My Edge, and Found Self-Help That Actually Works",Nonfiction,24.57,"2,0/5"
2026-04-02 01:05:38,Chernobyl 01:23:40: The Incredible True Story of the World's Worst Nuclear Disaster,Nonfiction,35.92,"2,0/5"
2026-04-02 01:05:38,"Zero to One: Notes on Startups, or How to Build the Future",Nonfiction,34.06,"3,0/5"
2026-04-02 01:05:38,Why Not Me?,Nonfiction,17.76,"1,0/5"
2026-04-02 01:05:38,When Breath Becomes Air,Nonfiction,39.36,"2,0/5"
2026-04-02 01:05:38,"The Midnight Assassin: Panic, Scandal, and the Hunt for America's First Serial Killer",Nonfiction,28.45,"4,0/5"
2026-04-02 01:05:38,Smarter Faster Better: The Secrets of Being Productive in Life and Business,Nonfiction,38.89,"5,0/5"
2026-04-02 01:05:38,Rising Strong,Nonfiction,21.82,"3,0/5"
2026-04-02 01:05:38,Man's Search for Meaning,Nonfiction,29.48,"3,0/5"
2026-04-02 01:05:38,"Love That Boy: What Two Presidents, Eight Road Trips, and My Son Taught Me About a Parent's Expectations",Nonfiction,25.06,"2,0/5"
2026-04-02 01:05:38,Living Forward: A Proven Plan to Stop Drifting and Get the Life You Want,Nonfiction,12.55,"3,0/5"
2026-04-02 01:05:38,I Will Find You,Nonfiction,44.21,"1,0/5"
2026-04-02 01:05:38,Brazen: The Courage to Find the You That's Been Hiding,Nonfiction,19.22,"2,0/5"
2026-04-02 01:05:38,Between the World and Me,Nonfiction,56.91,"4,0/5"
2026-04-02 01:05:38,Being Mortal: Medicine and What Matters in the End,Nonfiction,55.06,"4,0/5"
2026-04-02 01:05:38,"A Murder Over a Girl: Justice, Gender, Junior High",Nonfiction,13.2,"3,0/5"
2026-04-02 01:05:38,For the Love: Fighting for Grace in a World of Impossible Standards,Nonfiction,45.13,"3,0/5"
2026-04-02 01:05:38,Finding God in the Ruins: How God Redeems Pain,Nonfiction,46.64,"2,0/5"
2026-04-02 01:05:38,The Man Who Mistook His Wife for a Hat and Other Clinical Tales,Nonfiction,59.45,"4,0/5"
2026-04-02 01:05:38,In Cold Blood,Nonfiction,49.98,"4,0/5"
2026-04-02 01:05:38,"Girl, Interrupted",Nonfiction,42.14,"3,0/5"
2026-04-02 01:05:38,Why Save the Bankers?: And Other Essays on Our Economic and Political Crisis,Nonfiction,48.67,"2,0/5"
2026-04-02 01:05:38,Talking to Girls About Duran Duran: One Young Man's Quest for True Love and a Cooler Haircut,Nonfiction,25.15,"4,0/5"
2026-04-02 01:05:38,My Mother Was Nuts,Nonfiction,31.63,"4,0/5"
2026-04-02 01:05:38,"Data, A Love Story: How I Gamed Online Dating to Meet My Match",Nonfiction,32.35,"3,0/5"
2026-04-02 01:05:38,The Jazz of Physics: The Secret Link Between Music and the Structure of the Universe,Nonfiction,38.71,"3,0/5"
2026-04-02 01:05:38,The Gunning of America: Business and the Making of American Gun Culture,Nonfiction,16.81,"4,0/5"
2026-04-02 01:05:38,The Geography of Bliss: One Grump's Search for the Happiest Places in the World,Nonfiction,28.23,"2,0/5"
2026-04-02 01:05:38,God Is Not Great: How Religion Poisons Everything,Nonfiction,27.8,"1,0/5"
2026-04-02 01:05:38,We the People: The Modern-Day Figures Who Have Reshaped and Affirmed the Founding Fathers' Vision of America,Nonfiction,31.95,"3,0/5"
2026-04-02 01:05:38,Very Good Lives: The Fringe Benefits of Failure and the Importance of Imagination,Nonfiction,50.66,"3,0/5"
2026-04-02 01:05:38,"Unstuffed: Decluttering Your Home, Mind, and Soul",Nonfiction,58.09,"1,0/5"
2026-04-02 01:05:38,Under the Banner of Heaven: A Story of Violent Faith,Nonfiction,30.0,"1,0/5"
2026-04-02 01:05:38,"Trespassing Across America: One Man's Epic, Never-Done-Before (and Sort of Illegal) Hike Across the Heartland",Nonfiction,53.51,"1,0/5"
2026-04-02 01:05:38,The Name of God is Mercy,Nonfiction,37.25,"2,0/5"
2026-04-02 01:05:38,Stiff: The Curious Lives of Human Cadavers,Nonfiction,36.74,"3,0/5"
2026-04-02 01:05:38,Spilled Milk: Based on a True Story,Nonfiction,49.51,"1,0/5"
2026-04-02 01:05:38,"Rise of the Rocket Girls: The Women Who Propelled Us, from Missiles to the Moon to Mars",Nonfiction,41.67,"4,0/5"
2026-04-02 01:05:38,Outliers: The Story of Success,Nonfiction,14.16,"1,0/5"
2026-04-02 01:05:38,Notes from a Small Island (Notes From a Small Island #1),Nonfiction,40.17,"1,0/5"
2026-04-02 01:05:38,Night (The Night Trilogy #1),Nonfiction,13.51,"1,0/5"
2026-04-02 01:05:38,"Miracles from Heaven: A Little Girl, Her Journey to Heaven, and Her Amazing Story of Healing",Nonfiction,57.83,"1,0/5"
2026-04-02 01:05:38,Letter to a Christian Nation,Nonfiction,22.2,"1,0/5"
2026-04-02 01:05:38,Let's Pretend This Never Happened: A Mostly True Memoir,Nonfiction,45.11,"1,0/5"
2026-04-02 01:05:38,It's Never Too Late to Begin Again: Discovering Creativity and Meaning at Midlife and Beyond,Nonfiction,42.38,"1,0/5"
2026-04-02 01:05:38,Into the Wild,Nonfiction,56.7,"5,0/5"
2026-04-02 01:05:38,"In the Garden of Beasts: Love, Terror, and an American Family in Hitler's Berlin",Nonfiction,28.85,"3,0/5"
2026-04-02 01:05:38,I Am Malala: The Girl Who Stood Up for Education and Was Shot by the Taliban,Nonfiction,28.88,"2,0/5"
2026-04-02 01:05:38,Gratitude,Nonfiction,26.66,"5,0/5"
2026-04-02 01:05:38,Disrupted: My Misadventure in the Start-Up Bubble,Nonfiction,15.28,"5,0/5"
2026-04-02 01:05:38,Brave Enough,Nonfiction,51.32,"5,0/5"
2026-04-02 01:05:38,"Born to Run: A Hidden Tribe, Superathletes, and the Greatest Race the World Has Never Seen",Nonfiction,27.35,"2,0/5"
2026-04-02 01:05:38,Blink: The Power of Thinking Without Thinking,Nonfiction,21.74,"5,0/5"
2026-04-02 01:05:38,Black Flags: The Rise of ISIS,Nonfiction,40.87,"1,0/5"
2026-04-02 01:05:38,Are We Smart Enough to Know How Smart Animals Are?,Nonfiction,56.58,"1,0/5"
2026-04-02 01:05:38,A Walk in the Woods: Rediscovering America on the Appalachian Trail,Nonfiction,30.48,"4,0/5"
2026-04-02 01:05:38,"The Suffragettes (Little Black Classics, #96)",Nonfiction,11.89,"2,0/5"
2026-04-02 01:05:38,Kindle Paperwhite User's Guide,Nonfiction,34.0,"3,0/5"
2026-04-02 01:05:38,H is for Hawk,Nonfiction,57.42,"5,0/5"
2026-04-02 01:05:38,Travels with Charley: In Search of America,Nonfiction,57.82,"5,0/5"
2026-04-02 01:05:38,The Tumor,Nonfiction,41.56,"5,0/5"
2026-04-02 01:05:38,The End of the Jesus Era (An Investigation #1),Nonfiction,14.4,"1,0/5"
2026-04-02 01:05:38,"Eat, Pray, Love",Nonfiction,51.32,"3,0/5"
2026-04-02 01:05:38,Rip it Up and Start Again,Music,35.02,"5,0/5"
2026-04-02 01:05:38,"Our Band Could Be Your Life: Scenes from the American Indie Underground, 1981-1991",Music,57.25,"3,0/5"
2026-04-02 01:05:38,How Music Works,Music,37.32,"2,0/5"
2026-04-02 01:05:38,Love Is a Mix Tape (Music #1),Music,18.03,"1,0/5"
2026-04-02 01:05:38,Please Kill Me: The Uncensored Oral History of Punk,Music,31.19,"4,0/5"
2026-04-02 01:05:38,Kill 'Em and Leave: Searching for James Brown and the American Soul,Music,45.05,"5,0/5"
2026-04-02 01:05:38,"Chronicles, Vol. 1",Music,52.6,"2,0/5"
2026-04-02 01:05:38,This Is Your Brain on Music: The Science of a Human Obsession,Music,38.4,"1,0/5"
2026-04-02 01:05:38,"Orchestra of Exiles: The Story of Bronislaw Huberman, the Israel Philharmonic, and the One Thousand Jews He Saved from Nazi Horrors",Music,12.36,"3,0/5"
2026-04-02 01:05:38,No One Here Gets Out Alive,Music,20.02,"5,0/5"
2026-04-02 01:05:38,Life,Music,31.58,"5,0/5"
2026-04-02 01:05:38,Old Records Never Die: One Man's Quest for His Vinyl and His Past,Music,55.66,"2,0/5"
2026-04-02 01:05:38,Forever Rockers (The Rocker #12),Music,28.8,"3,0/5"
2026-04-02 01:05:38,"The Coming Woman: A Novel Based on the Life of the Infamous Feminist, Victoria Woodhull",Default,17.93,"3,0/5"
2026-04-02 01:05:38,The Boys in the Boat: Nine Americans and Their Epic Quest for Gold at the 1936 Berlin Olympics,Default,22.6,"4,0/5"
2026-04-02 01:05:38,"Starving Hearts (Triangular Trade Trilogy, #1)",Default,13.99,"2,0/5"
2026-04-02 01:05:38,America's Cradle of Quarterbacks: Western Pennsylvania's Football Factory from Johnny Unitas to Joe Montana,Default,22.5,"3,0/5"
2026-04-02 01:05:38,Aladdin and His Wonderful Lamp,Default,53.13,"3,0/5"
2026-04-02 01:05:38,Penny Maybe,Default,33.29,"3,0/5"
2026-04-02 01:05:38,Maude (1883-1993):She Grew Up with the country,Default,18.02,"2,0/5"
2026-04-02 01:05:38,"The Inefficiency Assassin: Time Management Tactics for Working Smarter, Not Longer",Default,20.59,"5,0/5"
2026-04-02 01:05:38,Soul Reader,Default,39.58,"2,0/5"
2026-04-02 01:05:38,Bossypants,Default,49.46,"2,0/5"
2026-04-02 01:05:38,A World of Flavor: Your Gluten Free Passport,Default,42.95,"1,0/5"
2026-04-02 01:05:38,"A Piece of Sky, a Grain of Rice: A Memoir in Four Meditations",Default,56.76,"5,0/5"
2026-04-02 01:05:38,Tracing Numbers on a Train,Default,41.6,"3,0/5"
2026-04-02 01:05:38,Thirteen Reasons Why,Default,52.72,"1,0/5"
2026-04-02 01:05:38,The Secret (The Secret #1),Default,27.37,"4,0/5"
2026-04-02 01:05:38,The Psychopath Test: A Journey Through the Madness Industry,Default,36.0,"2,0/5"
2026-04-02 01:05:38,The Kite Runner,Default,41.82,"4,0/5"
2026-04-02 01:05:38,The Girl on the Train,Default,55.02,"2,0/5"
2026-04-02 01:05:38,The Emerald Mystery,Default,23.15,"2,0/5"
2026-04-02 01:05:38,The Bridge to Consciousness: I'm Writing the Bridge Between Science and Our Old and New Beliefs.,Default,32.0,"3,0/5"
2026-04-02 01:05:38,The Art of War,Default,33.34,"5,0/5"
2026-04-02 01:05:38,Secrets and Lace (Fatal Hearts #1),Default,20.27,"1,0/5"
2026-04-02 01:05:38,Romero and Juliet: A Tragic Tale of Love and Zombies,Default,36.94,"1,0/5"
2026-04-02 01:05:38,Poses for Artists Volume 1 - Dynamic and Sitting Poses: An Essential Reference for Figure Drawing and the Human Form,Default,41.06,"1,0/5"
2026-04-02 01:05:38,Miss Peregrine’s Home for Peculiar Children (Miss Peregrine’s Peculiar Children #1),Default,10.76,"1,0/5"
2026-04-02 01:05:38,Large Print Heart of the Pride,Default,19.15,"2,0/5"
2026-04-02 01:05:38,Grumbles,Default,22.16,"2,0/5"
2026-04-02 01:05:38,First Steps for New Christians (Print Edition),Default,29.0,"1,0/5"
2026-04-02 01:05:38,Eureka Trivia 6.0,Default,54.59,"4,0/5"
2026-04-02 01:05:38,Drive: The Surprising Truth About What Motivates Us,Default,34.95,"4,0/5"
2026-04-02 01:05:38,Done Rubbed Out (Reightman & Bailey #1),Default,37.72,"5,0/5"
2026-04-02 01:05:38,Beauty Restored (Riley Family Legacy Novellas #3),Default,11.11,"2,0/5"
2026-04-02 01:05:38,Ayumi's Violin,Default,15.48,"2,0/5"
2026-04-02 01:05:38,Anonymous,Default,46.82,"4,0/5"
2026-04-02 01:05:38,Amy Meets the Saints and Sages,Default,18.46,"3,0/5"
2026-04-02 01:05:38,Amatus,Default,50.54,"5,0/5"
2026-04-02 01:05:38,V for Vendetta (V for Vendetta Complete),Default,37.1,"4,0/5"
2026-04-02 01:05:38,"Unbroken: A World War II Story of Survival, Resilience, and Redemption",Default,45.95,"2,0/5"
2026-04-02 01:05:38,The Wright Brothers,Default,56.8,"4,0/5"
2026-04-02 01:05:38,The Songs of the Gods,Default,44.48,"5,0/5"
2026-04-02 01:05:38,The Rosie Project (Don Tillman #1),Default,54.04,"1,0/5"
2026-04-02 01:05:38,The Power of Habit: Why We Do What We Do in Life and Business,Default,16.88,"3,0/5"
2026-04-02 01:05:38,Steve Jobs,Default,39.5,"5,0/5"
2026-04-02 01:05:38,Luckiest Girl Alive,Default,49.83,"3,0/5"
2026-04-02 01:05:38,"Living Leadership by Insight: A Good Leader Achieves, a Great Leader Builds Monuments",Default,46.91,"4,0/5"
2026-04-02 01:05:38,Lady Midnight (The Dark Artifices #1),Default,16.28,"5,0/5"
2026-04-02 01:05:38,"Hush, Hush (Hush, Hush #1)",Default,47.02,"3,0/5"
2026-04-02 01:05:38,Greek Mythic History,Default,10.23,"5,0/5"
2026-04-02 01:05:38,Every Last Word,Default,46.47,"3,0/5"
2026-04-02 01:05:38,Daily Fantasy Sports,Default,36.58,"1,0/5"
2026-04-02 01:05:38,Clockwork Angel (The Infernal Devices #1),Default,44.14,"1,0/5"
2026-04-02 01:05:38,City of Fallen Angels (The Mortal Instruments #4),Default,11.23,"4,0/5"
2026-04-02 01:05:38,City of Bones (The Mortal Instruments #1),Default,43.28,"1,0/5"
2026-04-02 01:05:38,City of Ashes (The Mortal Instruments #2),Default,47.27,"1,0/5"
2026-04-02 01:05:38,"Carry On, Warrior: Thoughts on Life Unarmed",Default,31.85,"3,0/5"
2026-04-02 01:05:38,Carrie,Default,46.23,"2,0/5"
2026-04-02 01:05:38,Angels & Demons (Robert Langdon #1),Default,51.48,"3,0/5"
2026-04-02 01:05:38,"The Three Searches, Meaning, and the Story",Default,13.33,"3,0/5"
2026-04-02 01:05:38,Raspberry Pi Electronics Projects for the Evil Genius,Default,49.67,"4,0/5"
2026-04-02 01:05:38,How to Speak Golf: An Illustrated Guide to Links Lingo,Default,58.32,"5,0/5"
2026-04-02 01:05:38,Eleanor & Park,Default,56.51,"5,0/5"
2026-04-02 01:05:38,Troublemaker: Surviving Hollywood and Scientology,Default,48.39,"2,0/5"
2026-04-02 01:05:38,Adultery,Default,20.88,"5,0/5"
2026-04-02 01:05:38,Unlimited Intuition Now,Default,58.87,"4,0/5"
2026-04-02 01:05:38,Underlying Notes,Default,11.82,"2,0/5"
2026-04-02 01:05:38,The New Brand You: Your New Image Makes the Sale for You,Default,44.05,"5,0/5"
2026-04-02 01:05:38,The Flowers Lied,Default,16.68,"2,0/5"
2026-04-02 01:05:38,"NaNo What Now? Finding your editing process, revising your NaNoWriMo book and building a writing career through publishing and beyond",Default,10.41,"4,0/5"
2026-04-02 01:05:38,Modern Day Fables,Default,47.44,"2,0/5"
2026-04-02 01:05:38,The Unlikely Pilgrimage of Harold Fry (Harold Fry #1),Default,43.62,"5,0/5"
2026-04-02 01:05:38,The Martian (The Martian #1),Default,41.39,"2,0/5"
2026-04-02 01:05:38,Left Behind (Left Behind #1),Default,40.72,"2,0/5"
2026-04-02 01:05:38,John Vassos: Industrial Design for Modern Life,Default,20.22,"4,0/5"
2026-04-02 01:05:38,I'll Give You the Sun,Default,56.48,"1,0/5"
2026-04-02 01:05:38,Heaven is for Real: A Little Boy's Astounding Story of His Trip to Heaven and Back,Default,52.86,"2,0/5"
2026-04-02 01:05:38,Ender's Game (The Ender Quintet #1),Default,43.64,"1,0/5"
2026-04-02 01:05:38,Death by Leisure: A Cautionary Tale,Default,37.51,"4,0/5"
2026-04-02 01:05:38,Wildlife of New York: A Five-Borough Coloring Book,Default,22.14,"2,0/5"
2026-04-02 01:05:38,The Year of Living Biblically: One Man's Humble Quest to Follow the Bible as Literally as Possible,Default,34.72,"1,0/5"
2026-04-02 01:05:38,The Great Gatsby,Default,36.05,"4,0/5"
2026-04-02 01:05:38,The Good Girl,Default,49.03,"3,0/5"
2026-04-02 01:05:38,The 7 Habits of Highly Effective People: Powerful Lessons in Personal Change,Default,33.17,"4,0/5"
2026-04-02 01:05:38,Steal Like an Artist: 10 Things Nobody Told You About Being Creative,Default,20.9,"2,0/5"
2026-04-02 01:05:38,Life of Pi,Default,13.22,"4,0/5"
2026-04-02 01:05:38,The Sound Of Love,Default,57.84,"5,0/5"
2026-04-02 01:05:38,The Perks of Being a Wallflower,Default,55.02,"3,0/5"
2026-04-02 01:05:38,The Makings of a Fatherless Child,Default,31.58,"2,0/5"
2026-04-02 01:05:38,The Hobbit (Middle-Earth Universe),Default,17.8,"5,0/5"
2026-04-02 01:05:38,The Fellowship of the Ring (The Lord of the Rings #1),Default,10.27,"2,0/5"
2026-04-02 01:05:38,Ship Leaves Harbor: Essays on Travel by a Recovering Journeyman,Default,30.6,"3,0/5"
2026-04-02 01:05:38,Musicophilia: Tales of Music and the Brain,Default,46.58,"1,0/5"
2026-04-02 01:05:38,What If?: Serious Scientific Answers to Absurd Hypothetical Questions,Default,53.68,"4,0/5"
2026-04-02 01:05:38,The Fault in Our Stars,Default,47.22,"1,0/5"
2026-04-02 01:05:38,The Dream Thieves (The Raven Cycle #2),Default,34.5,"1,0/5"
2026-04-02 01:05:38,The 5th Wave (The 5th Wave #1),Default,11.83,"2,0/5"
2026-04-02 01:05:38,Shiver (The Wolves of Mercy Falls #1),Default,16.23,"5,0/5"
2026-04-02 01:05:38,Remember Me?,Default,11.48,"3,0/5"
2026-04-02 01:05:38,If I Stay (If I Stay #1),Default,38.13,"5,0/5"
2026-04-02 01:05:38,I Know Why the Caged Bird Sings (Maya Angelou's Autobiography #1),Default,36.55,"2,0/5"
2026-04-02 01:05:38,Harry Potter and the Deathly Hallows (Harry Potter #7),Default,23.32,"1,0/5"
2026-04-02 01:05:38,Fool Me Once,Default,16.96,"1,0/5"
2026-04-02 01:05:38,Drama,Default,38.7,"2,0/5"
2026-04-02 01:05:38,"Blue Lily, Lily Blue (The Raven Cycle #3)",Default,34.13,"5,0/5"
2026-04-02 01:05:38,Alight (The Generations Trilogy #2),Default,58.59,"4,0/5"
2026-04-02 01:05:38,Vogue Colors A to Z: A Fashion Coloring Book,Default,52.35,"4,0/5"
2026-04-02 01:05:38,The Shining (The Shining #1),Default,27.88,"3,0/5"
2026-04-02 01:05:38,The Hunger Games (The Hunger Games #1),Default,29.85,"5,0/5"
2026-04-02 01:05:38,Outlander (Outlander #1),Default,19.67,"5,0/5"
2026-04-02 01:05:38,Mockingjay (The Hunger Games #3),Default,20.44,"4,0/5"
2026-04-02 01:05:38,Harry Potter and the Sorcerer's Stone (Harry Potter #1),Default,13.9,"3,0/5"
2026-04-02 01:05:38,Confessions of a Shopaholic (Shopaholic #1),Default,48.94,"2,0/5"
2026-04-02 01:05:38,Zero History (Blue Ant #3),Default,34.77,"1,0/5"
2026-04-02 01:05:38,World War Z: An Oral History of the Zombie War,Default,21.8,"1,0/5"
2026-04-02 01:05:38,Wild: From Lost to Found on the Pacific Crest Trail,Default,46.02,"3,0/5"
2026-04-02 01:05:38,"Where'd You Go, Bernadette",Default,18.13,"1,0/5"
2026-04-02 01:05:38,Twilight (Twilight #1),Default,41.93,"2,0/5"
2026-04-02 01:05:38,The Paris Wife,Default,36.8,"3,0/5"
2026-04-02 01:05:38,The Maze Runner (The Maze Runner #1),Default,20.93,"1,0/5"
2026-04-02 01:05:38,The Lover's Dictionary,Default,58.09,"2,0/5"
2026-04-02 01:05:38,The Goldfinch,Default,43.58,"3,0/5"
2026-04-02 01:05:38,The Giver (The Giver Quartet #1),Default,12.3,"1,0/5"
2026-04-02 01:05:38,The Girl Who Played with Fire (Millennium Trilogy #2),Default,22.14,"2,0/5"
2026-04-02 01:05:38,The Demon-Haunted World: Science as a Candle in the Dark,Default,52.25,"4,0/5"
2026-04-02 01:05:38,The Book Thief,Default,53.49,"2,0/5"
2026-04-02 01:05:38,The Autobiography of Malcolm X,Default,23.43,"2,0/5"
2026-04-02 01:05:38,Shopaholic & Baby (Shopaholic #5),Default,46.45,"2,0/5"
2026-04-02 01:05:38,Quiet: The Power of Introverts in a World That Can't Stop Talking,Default,43.55,"1,0/5"
2026-04-02 01:05:38,Packing for Mars: The Curious Science of Life in the Void,Default,56.68,"2,0/5"
2026-04-02 01:05:38,Orange Is the New Black,Default,24.61,"2,0/5"
2026-04-02 01:05:38,One for the Money (Stephanie Plum #1),Default,32.87,"2,0/5"
2026-04-02 01:05:38,Morning Star (Red Rising #3),Default,29.4,"1,0/5"
2026-04-02 01:05:38,Life After Life,Default,26.13,"2,0/5"
2026-04-02 01:05:38,"Lean In: Women, Work, and the Will to Lead",Default,25.02,"1,0/5"
2026-04-02 01:05:38,Is Everyone Hanging Out Without Me? (And Other Concerns),Default,20.11,"3,0/5"
2026-04-02 01:05:38,Gone Girl,Default,37.6,"5,0/5"
2026-04-02 01:05:38,Fellside,Default,38.62,"1,0/5"
2026-04-02 01:05:38,Eclipse (Twilight #3),Default,18.74,"1,0/5"
2026-04-02 01:05:38,Dracula,Default,52.62,"3,0/5"
2026-04-02 01:05:38,Dead Wake: The Last Crossing of the Lusitania,Default,39.24,"5,0/5"
2026-04-02 01:05:38,"David and Goliath: Underdogs, Misfits, and the Art of Battling Giants",Default,17.81,"1,0/5"
2026-04-02 01:05:38,Dark Places,Default,23.9,"5,0/5"
2026-04-02 01:05:38,Breaking Dawn (Twilight #4),Default,35.28,"5,0/5"
2026-04-02 01:05:38,Beautiful Creatures (Caster Chronicles #1),Default,21.55,"5,0/5"
2026-04-02 01:05:38,A Visit from the Goon Squad,Default,14.08,"5,0/5"
2026-04-02 01:05:38,The Zombie Room,Default,19.69,"5,0/5"
2026-04-02 01:05:38,The Name of the Wind (The Kingkiller Chronicle #1),Default,50.59,"3,0/5"
2026-04-02 01:05:38,Taking Shots (Assassins #1),Default,18.88,"2,0/5"
2026-04-02 01:05:38,Shatter Me (Shatter Me #1),Default,42.4,"1,0/5"
2026-04-02 01:05:38,Paradise Lost (Paradise #1),Default,24.96,"1,0/5"
2026-04-02 01:05:38,On the Road (Duluoz Legend),Default,32.36,"3,0/5"
2026-04-02 01:05:38,Jane Eyre,Default,38.43,"5,0/5"
2026-04-02 01:05:38,Frankenstein,Default,38.0,"2,0/5"
2026-04-02 01:05:38,Mesaerion: The Best Science Fiction Stories 1800-1849,Science Fiction,37.59,"1,0/5"
2026-04-02 01:05:38,Join,Science Fiction,35.67,"5,0/5"
2026-04-02 01:05:38,"William Shakespeare's Star Wars: Verily, A New Hope (William Shakespeare's Star Wars #4)",Science Fiction,43.3,"4,0/5"
2026-04-02 01:05:38,The Project,Science Fiction,10.65,"1,0/5"
2026-04-02 01:05:38,Soft Apocalypse,Science Fiction,26.12,"2,0/5"
2026-04-02 01:05:38,Sleeping Giants (Themis Files #1),Science Fiction,48.74,"1,0/5"
2026-04-02 01:05:38,Arena,Science Fiction,21.36,"4,0/5"
2026-04-02 01:05:38,Foundation (Foundation (Publication Order) #1),Science Fiction,32.42,"1,0/5"
2026-04-02 01:05:38,The Restaurant at the End of the Universe (Hitchhiker's Guide to the Galaxy #2),Science Fiction,10.92,"1,0/5"
2026-04-02 01:05:38,Ready Player One,Science Fiction,19.07,"4,0/5"
2026-04-02 01:05:38,"Life, the Universe and Everything (Hitchhiker's Guide to the Galaxy #3)",Science Fiction,33.26,"2,0/5"
2026-04-02 01:05:38,Dune (Dune #1),Science Fiction,54.86,"1,0/5"
2026-04-02 01:05:38,Do Androids Dream of Electric Sheep? (Blade Runner #1),Science Fiction,51.48,"1,0/5"
2026-04-02 01:05:38,Three Wishes (River of Time: California #1),Science Fiction,44.18,"2,0/5"
2026-04-02 01:05:38,The Last Girl (The Dominion Trilogy #1),Science Fiction,36.26,"2,0/5"
2026-04-02 01:05:38,Having the Barbarian's Baby (Ice Planet Barbarians #7.5),Science Fiction,34.96,"4,0/5"
2026-04-02 01:05:38,The Book of Basketball: The NBA According to The Sports Guy,Sports and Games,44.84,"5,0/5"
2026-04-02 01:05:38,"Friday Night Lights: A Town, a Team, and a Dream",Sports and Games,51.22,"3,0/5"
2026-04-02 01:05:38,Sugar Rush (Offensive Line #2),Sports and Games,24.42,"1,0/5"
2026-04-02 01:05:38,Settling the Score (The Summer Games #1),Sports and Games,44.91,"2,0/5"
2026-04-02 01:05:38,Icing (Aces Hockey #2),Sports and Games,40.44,"4,0/5"
2026-04-02 01:05:38,The Torch Is Passed: A Harding Family Story,Add a comment,19.09,"1,0/5"
2026-04-02 01:05:38,"The Mindfulness and Acceptance Workbook for Anxiety: A Guide to Breaking Free from Anxiety, Phobias, and Worry Using Acceptance and Commitment Therapy",Add a comment,23.89,"4,0/5"
2026-04-02 01:05:38,The Art Forger,Add a comment,40.76,"3,0/5"
2026-04-02 01:05:38,On a Midnight Clear,Add a comment,14.07,"3,0/5"
2026-04-02 01:05:38,Judo: Seven Steps to Black Belt (an Introductory Guide for Beginners),Add a comment,53.9,"2,0/5"
2026-04-02 01:05:38,"Shobu Samurai, Project Aryoku (#3)",Add a comment,29.06,"3,0/5"
2026-04-02 01:05:38,Modern Romance,Add a comment,28.26,"5,0/5"
2026-04-02 01:05:38,The White Queen (The Cousins' War #1),Add a comment,25.91,"5,0/5"
2026-04-02 01:05:38,The Song of Achilles,Add a comment,37.4,"5,0/5"
2026-04-02 01:05:38,The Immortal Life of Henrietta Lacks,Add a comment,40.67,"2,0/5"
2026-04-02 01:05:38,The Dovekeepers,Add a comment,48.78,"1,0/5"
2026-04-02 01:05:38,More Than Music (Chasing the Dream #1),Add a comment,37.61,"2,0/5"
2026-04-02 01:05:38,Code Name Verity (Code Name Verity #1),Add a comment,22.13,"4,0/5"
2026-04-02 01:05:38,Cell,Add a comment,20.29,"4,0/5"
2026-04-02 01:05:38,Angels Walking (Angels Walking #1),Add a comment,34.2,"2,0/5"
2026-04-02 01:05:38,"A Series of Catastrophes and Miracles: A True Story of Love, Science, and Cancer",Add a comment,56.48,"2,0/5"
2026-04-02 01:05:38,A People's History of the United States,Add a comment,40.79,"2,0/5"
2026-04-02 01:05:38,A Brush of Wings (Angels Walking #3),Add a comment,55.51,"1,0/5"
2026-04-02 01:05:38,Rook,Add a comment,37.86,"4,0/5"
2026-04-02 01:05:38,The Midnight Watch: A Novel of the Titanic and the Californian,Add a comment,26.2,"1,0/5"
2026-04-02 01:05:38,The Gray Rhino: How to Recognize and Act on the Obvious Dangers We Ignore,Add a comment,59.15,"4,0/5"
2026-04-02 01:05:38,The Children,Add a comment,11.88,"3,0/5"
2026-04-02 01:05:38,One with You (Crossfire #5),Add a comment,15.71,"4,0/5"
2026-04-02 01:05:38,Without Shame,Add a comment,48.27,"5,0/5"
2026-04-02 01:05:38,Watchmen,Add a comment,58.05,"4,0/5"
2026-04-02 01:05:38,A Hero's Curse (The Unseen Chronicles #1),Add a comment,50.49,"3,0/5"
2026-04-02 01:05:38,23 Degrees South: A Tropical Tale of Changing Whether...,Add a comment,35.79,"2,0/5"
2026-04-02 01:05:38,The Glass Castle,Add a comment,16.24,"1,0/5"
2026-04-02 01:05:38,The Drowning Girls,Add a comment,35.67,"3,0/5"
2026-04-02 01:05:38,Team of Rivals: The Political Genius of Abraham Lincoln,Add a comment,20.12,"5,0/5"
2026-04-02 01:05:38,John Adams,Add a comment,57.43,"4,0/5"
2026-04-02 01:05:38,Good in Bed (Cannie Shapiro #1),Add a comment,37.05,"5,0/5"
2026-04-02 01:05:38,The Joy of Cooking,Add a comment,43.27,"4,0/5"
2026-04-02 01:05:38,The Golden Compass (His Dark Materials #1),Add a comment,18.77,"1,0/5"
2026-04-02 01:05:38,The God Delusion,Add a comment,46.85,"3,0/5"
2026-04-02 01:05:38,Pride and Prejudice,Add a comment,19.27,"4,0/5"
2026-04-02 01:05:38,Mere Christianity,Add a comment,48.51,"3,0/5"
2026-04-02 01:05:38,Fun Home: A Family Tragicomic,Add a comment,56.59,"4,0/5"
2026-04-02 01:05:38,The Raven King (The Raven Cycle #4),Add a comment,30.57,"2,0/5"
2026-04-02 01:05:38,Find Her (Detective D.D. Warren #8),Add a comment,22.37,"1,0/5"
2026-04-02 01:05:38,Evicted: Poverty and Profit in the American City,Add a comment,42.27,"1,0/5"
2026-04-02 01:05:38,A Game of Thrones (A Song of Ice and Fire #1),Add a comment,46.42,"2,0/5"
2026-04-02 01:05:38,A Clash of Kings (A Song of Ice and Fire #2),Add a comment,10.79,"3,0/5"
2026-04-02 01:05:38,The Tipping Point: How Little Things Can Make a Big Difference,Add a comment,10.02,"2,0/5"
2026-04-02 01:05:38,The Rest Is Noise: Listening to the Twentieth Century,Add a comment,34.77,"1,0/5"
2026-04-02 01:05:38,The Purpose Driven Life: What on Earth Am I Here for?,Add a comment,37.19,"3,0/5"
2026-04-02 01:05:38,The Hitchhiker's Guide to the Galaxy (Hitchhiker's Guide to the Galaxy #1),Add a comment,47.8,"3,0/5"
2026-04-02 01:05:38,The Girl Who Kicked the Hornet's Nest (Millennium Trilogy #3),Add a comment,57.48,"1,0/5"
2026-04-02 01:05:38,"The End of Faith: Religion, Terror, and the Future of Reason",Add a comment,22.13,"4,0/5"
2026-04-02 01:05:38,The Complete Poems,Add a comment,41.32,"5,0/5"
2026-04-02 01:05:38,The Catcher in the Rye,Add a comment,24.55,"1,0/5"
2026-04-02 01:05:38,The Case for Christ (Cases for Christianity),Add a comment,47.84,"1,0/5"
2026-04-02 01:05:38,The Blind Side: Evolution of a Game,Add a comment,53.71,"5,0/5"
2026-04-02 01:05:38,Seven Days in the Art World,Add a comment,52.33,"2,0/5"
2026-04-02 01:05:38,Sarah's Key,Add a comment,46.29,"1,0/5"
2026-04-02 01:05:38,Rogue Lawyer (Rogue Lawyer #1),Add a comment,50.11,"3,0/5"
2026-04-02 01:05:38,Manuscript Found in Accra,Add a comment,34.98,"2,0/5"
2026-04-02 01:05:38,Fire Bound (Sea Haven/Sisters of the Heart #5),Add a comment,21.28,"4,0/5"
2026-04-02 01:05:38,Cosmos,Add a comment,36.17,"2,0/5"
2026-04-02 01:05:38,#GIRLBOSS,Add a comment,50.96,"1,0/5"
2026-04-02 01:05:38,The Sense of an Ending,Add a comment,31.38,"3,0/5"
2026-04-02 01:05:38,The Republic,Add a comment,33.78,"3,0/5"
2026-04-02 01:05:38,The Odyssey,Add a comment,29.64,"3,0/5"
2026-04-02 01:05:38,The Light of the Fireflies,Add a comment,54.43,"1,0/5"
2026-04-02 01:05:38,The Iliad,Add a comment,16.16,"1,0/5"
2026-04-02 01:05:38,The Communist Manifesto,Add a comment,14.76,"3,0/5"
2026-04-02 01:05:38,Lord of the Flies,Add a comment,24.89,"3,0/5"
2026-04-02 01:05:38,Unicorn Tracks,Fantasy,18.78,"3,0/5"
2026-04-02 01:05:38,"Saga, Volume 6 (Saga (Collected Editions) #6)",Fantasy,25.02,"3,0/5"
2026-04-02 01:05:38,Princess Between Worlds (Wide-Awake Princess #5),Fantasy,13.34,"5,0/5"
2026-04-02 01:05:38,Masks and Shadows,Fantasy,56.4,"2,0/5"
2026-04-02 01:05:38,Crown of Midnight (Throne of Glass #2),Fantasy,43.29,"3,0/5"
2026-04-02 01:05:38,"Avatar: The Last Airbender: Smoke and Shadow, Part 3 (Smoke and Shadow #3)",Fantasy,28.09,"2,0/5"
2026-04-02 01:05:38,A Court of Thorns and Roses (A Court of Thorns and Roses #1),Fantasy,52.37,"1,0/5"
2026-04-02 01:05:38,Throne of Glass (Throne of Glass #1),Fantasy,35.07,"3,0/5"
2026-04-02 01:05:38,The Glittering Court (The Glittering Court #1),Fantasy,44.28,"1,0/5"
2026-04-02 01:05:38,Hollow City (Miss Peregrine’s Peculiar Children #2),Fantasy,42.98,"1,0/5"
2026-04-02 01:05:38,The Star-Touched Queen,Fantasy,46.02,"5,0/5"
2026-04-02 01:05:38,The Hidden Oracle (The Trials of Apollo #1),Fantasy,52.26,"2,0/5"
2026-04-02 01:05:38,The Bane Chronicles (The Bane Chronicles #1-11),Fantasy,44.73,"4,0/5"
2026-04-02 01:05:38,Island of Dragons (Unwanteds #7),Fantasy,29.65,"1,0/5"
2026-04-02 01:05:38,Demigods & Magicians: Percy and Annabeth Meet the Kanes (Percy Jackson & Kane Chronicles Crossover #1-3),Fantasy,37.51,"5,0/5"
2026-04-02 01:05:38,City of Glass (The Mortal Instruments #3),Fantasy,56.02,"4,0/5"
2026-04-02 01:05:38,Searching for Meaning in Gailana,Fantasy,38.73,"1,0/5"
2026-04-02 01:05:38,The Star-Touched Queen,Fantasy,32.3,"5,0/5"
2026-04-02 01:05:38,A Shard of Ice (The Black Symphony Saga #1),Fantasy,56.63,"3,0/5"
2026-04-02 01:05:38,King's Folly (The Kinsman Chronicles #1),Fantasy,39.61,"5,0/5"
2026-04-02 01:05:38,Every Heart a Doorway (Every Heart A Doorway #1),Fantasy,12.16,"5,0/5"
2026-04-02 01:05:38,A Gathering of Shadows (Shades of Magic #2),Fantasy,44.81,"4,0/5"
2026-04-02 01:05:38,The Raven Boys (The Raven Cycle #1),Fantasy,57.74,"4,0/5"
2026-04-02 01:05:38,The False Prince (The Ascendance Trilogy #1),Fantasy,56.0,"5,0/5"
2026-04-02 01:05:38,Tell the Wind and Fire,Fantasy,45.51,"3,0/5"
2026-04-02 01:05:38,A Feast for Crows (A Song of Ice and Fire #4),Fantasy,17.21,"4,0/5"
2026-04-02 01:05:38,The Demonists (Demonist #1),Fantasy,52.11,"2,0/5"
2026-04-02 01:05:38,The Beast (Black Dagger Brotherhood #14),Fantasy,46.08,"5,0/5"
2026-04-02 01:05:38,Paper and Fire (The Great Library #2),Fantasy,49.45,"5,0/5"
2026-04-02 01:05:38,Harry Potter and the Order of the Phoenix (Harry Potter #5),Fantasy,31.63,"4,0/5"
2026-04-02 01:05:38,Harry Potter and the Half-Blood Prince (Harry Potter #6),Fantasy,48.75,"5,0/5"
2026-04-02 01:05:38,Harry Potter and the Chamber of Secrets (Harry Potter #2),Fantasy,14.74,"1,0/5"
2026-04-02 01:05:38,The Rose & the Dagger (The Wrath and the Dawn #2),Fantasy,58.64,"4,0/5"
2026-04-02 01:05:38,Soldier (Talon #3),Fantasy,24.72,"2,0/5"
2026-04-02 01:05:38,Midnight Riot (Peter Grant/ Rivers of London - books #1),Fantasy,55.46,"2,0/5"
2026-04-02 01:05:38,Heir to the Sky,Fantasy,44.07,"4,0/5"
2026-04-02 01:05:38,Eragon (The Inheritance Cycle #1),Fantasy,43.87,"3,0/5"
2026-04-02 01:05:38,Darkfever (Fever #1),Fantasy,56.02,"1,0/5"
2026-04-02 01:05:38,Ash,Fantasy,22.06,"4,0/5"
2026-04-02 01:05:38,A Storm of Swords (A Song of Ice and Fire #3),Fantasy,31.22,"2,0/5"
2026-04-02 01:05:38,Vampire Girl (Vampire Girl #1),Fantasy,53.82,"2,0/5"
2026-04-02 01:05:38,The Silent Twin (Detective Jennifer Knight #3),Fantasy,36.25,"3,0/5"
2026-04-02 01:05:38,The Mirror & the Maze (The Wrath and the Dawn #1.5),Fantasy,29.38,"1,0/5"
2026-04-02 01:05:38,Sister Sable (The Mad Queen #1),Fantasy,13.33,"3,0/5"
2026-04-02 01:05:38,Shadow Rites (Jane Yellowrock #10),Fantasy,21.72,"4,0/5"
2026-04-02 01:05:38,Origins (Alphas 0.5),Fantasy,28.99,"1,0/5"
2026-04-02 01:05:38,One Second (Seven #7),Fantasy,52.94,"2,0/5"
2026-04-02 01:05:38,Myriad (Prentor #1),Fantasy,58.75,"4,0/5"
2026-04-02 01:05:38,Without Borders (Wanderlove #1),New Adult,45.07,"2,0/5"
2026-04-02 01:05:38,The Mistake (Off-Campus #2),New Adult,43.29,"3,0/5"
2026-04-02 01:05:38,The Matchmaker's Playbook (Wingmen Inc. #1),New Adult,55.85,"1,0/5"
2026-04-02 01:05:38,The Hook Up (Game On #1),New Adult,36.29,"5,0/5"
2026-04-02 01:05:38,Shameless,New Adult,58.35,"3,0/5"
2026-04-02 01:05:38,Off Sides (Off #1),New Adult,39.45,"5,0/5"
2026-04-02 01:05:38,The Requiem Red,Young Adult,22.65,"1,0/5"
2026-04-02 01:05:38,Set Me Free,Young Adult,17.46,"5,0/5"
2026-04-02 01:05:38,The Natural History of Us (The Fine Art of Pretending #2),Young Adult,45.22,"3,0/5"
2026-04-02 01:05:38,Obsidian (Lux #1),Young Adult,14.86,"2,0/5"
2026-04-02 01:05:38,Burning,Young Adult,28.81,"3,0/5"
2026-04-02 01:05:38,A Fierce and Subtle Poison,Young Adult,28.13,"4,0/5"
2026-04-02 01:05:38,Scarlett Epstein Hates It Here,Young Adult,43.55,"5,0/5"
2026-04-02 01:05:38,"Nightingale, Sing",Young Adult,38.28,"1,0/5"
2026-04-02 01:05:38,Library of Souls (Miss Peregrine’s Peculiar Children #3),Young Adult,48.56,"5,0/5"
2026-04-02 01:05:38,Frostbite (Vampire Academy #2),Young Adult,29.99,"5,0/5"
2026-04-02 01:05:38,Wild Swans,Young Adult,14.36,"2,0/5"
2026-04-02 01:05:38,Until Friday Night (The Field Party #1),Young Adult,46.31,"2,0/5"
2026-04-02 01:05:38,This Is Where It Ends,Young Adult,27.12,"2,0/5"
2026-04-02 01:05:38,The Darkest Lie,Young Adult,35.35,"5,0/5"
2026-04-02 01:05:38,My Kind of Crazy,Young Adult,40.36,"1,0/5"
2026-04-02 01:05:38,Don't Get Caught,Young Adult,55.35,"1,0/5"
2026-04-02 01:05:38,Catching Jordan (Hundred Oaks),Young Adult,50.83,"3,0/5"
2026-04-02 01:05:38,Aristotle and Dante Discover the Secrets of the Universe (Aristotle and Dante Discover the Secrets of the Universe #1),Young Adult,58.14,"4,0/5"
2026-04-02 01:05:38,The Epidemic (The Program 0.6),Young Adult,14.44,"5,0/5"
2026-04-02 01:05:38,Stars Above (The Lunar Chronicles #4.5),Young Adult,48.05,"2,0/5"
2026-04-02 01:05:38,No Love Allowed (Dodge Cove #1),Young Adult,54.65,"4,0/5"
2026-04-02 01:05:38,"Exit, Pursued by a Bear",Young Adult,51.34,"4,0/5"
2026-04-02 01:05:38,The Alien Club,Young Adult,54.4,"1,0/5"
2026-04-02 01:05:38,Don't Forget Steven,Young Adult,33.23,"1,0/5"
2026-04-02 01:05:38,South of Sunshine,Young Adult,28.93,"1,0/5"
2026-04-02 01:05:38,My Life Next Door (My Life Next Door ),Young Adult,36.39,"5,0/5"
2026-04-02 01:05:38,Future Shock (Future Shock #1),Young Adult,55.65,"5,0/5"
2026-04-02 01:05:38,Nightstruck: A Novel,Young Adult,50.35,"4,0/5"
2026-04-02 01:05:38,Tell the Wolves I'm Home,Young Adult,50.96,"2,0/5"
2026-04-02 01:05:38,"Will Grayson, Will Grayson (Will Grayson, Will Grayson)",Young Adult,47.31,"4,0/5"
2026-04-02 01:05:38,Where She Went (If I Stay #2),Young Adult,41.73,"4,0/5"
2026-04-02 01:05:38,Two Summers,Young Adult,14.64,"1,0/5"
2026-04-02 01:05:38,The Darkest Corners,Young Adult,11.33,"5,0/5"
2026-04-02 01:05:38,Tell Me Three Things,Young Adult,41.81,"1,0/5"
2026-04-02 01:05:38,Lola and the Boy Next Door (Anna and the French Kiss #2),Young Adult,23.63,"4,0/5"
2026-04-02 01:05:38,Kill the Boy Band,Young Adult,15.52,"5,0/5"
2026-04-02 01:05:38,Isla and the Happily Ever After (Anna and the French Kiss #3),Young Adult,48.13,"5,0/5"
2026-04-02 01:05:38,An Abundance of Katherines,Young Adult,10.0,"5,0/5"
2026-04-02 01:05:38,Harry Potter and the Prisoner of Azkaban (Harry Potter #3),Young Adult,24.17,"4,0/5"
2026-04-02 01:05:38,Walk the Edge (Thunder Road #2),Young Adult,32.36,"3,0/5"
2026-04-02 01:05:38,Two Boys Kissing,Young Adult,32.74,"2,0/5"
2026-04-02 01:05:38,The New Guy (and Other Senior Year Distractions),Young Adult,44.92,"3,0/5"
2026-04-02 01:05:38,"The Land of 10,000 Madonnas",Young Adult,29.64,"4,0/5"
2026-04-02 01:05:38,Scarlet (The Lunar Chronicles #2),Young Adult,14.57,"4,0/5"
2026-04-02 01:05:38,Legend (Legend #1),Young Adult,43.69,"4,0/5"
2026-04-02 01:05:38,Lady Renegades (Rebel Belle #3),Young Adult,53.04,"5,0/5"
2026-04-02 01:05:38,Golden (Heart of Dread #3),Young Adult,42.21,"4,0/5"
2026-04-02 01:05:38,Cinder (The Lunar Chronicles #1),Young Adult,26.09,"1,0/5"
2026-04-02 01:05:38,Boy Meets Boy,Young Adult,21.12,"3,0/5"
2026-04-02 01:05:38,Annie on My Mind,Young Adult,36.83,"5,0/5"
2026-04-02 01:05:38,New Moon (Twilight #2),Young Adult,12.86,"4,0/5"
2026-04-02 01:05:38,Girl Online On Tour (Girl Online #2),Young Adult,53.47,"1,0/5"
2026-04-02 01:05:38,The Haters,Young Adult,27.89,"5,0/5"
2026-04-02 01:05:38,The Art of Not Breathing,Young Adult,40.83,"4,0/5"
2026-04-02 01:05:38,The Most Perfect Thing: Inside (and Outside) a Bird's Egg,Science,42.96,"4,0/5"
2026-04-02 01:05:38,Immunity: How Elie Metchnikoff Changed the Course of Modern Medicine,Science,57.36,"5,0/5"
2026-04-02 01:05:38,Sorting the Beef from the Bull: The Science of Food Fraud Forensics,Science,44.74,"4,0/5"
2026-04-02 01:05:38,Tipping Point for Planet Earth: How Close Are We to the Edge?,Science,37.55,"1,0/5"
2026-04-02 01:05:38,"The Fabric of the Cosmos: Space, Time, and the Texture of Reality",Science,55.91,"1,0/5"
2026-04-02 01:05:38,Diary of a Citizen Scientist: Chasing Tiger Beetles and Other New Ways of Engaging the World,Science,28.41,"1,0/5"
2026-04-02 01:05:38,The Origin of Species,Science,10.01,"4,0/5"
2026-04-02 01:05:38,The Grand Design,Science,13.76,"3,0/5"
2026-04-02 01:05:38,Peak: Secrets from the New Science of Expertise,Science,16.28,"2,0/5"
2026-04-02 01:05:38,"The Elegant Universe: Superstrings, Hidden Dimensions, and the Quest for the Ultimate Theory",Science,13.03,"4,0/5"
2026-04-02 01:05:38,"The Disappearing Spoon: And Other True Tales of Madness, Love, and the History of the World from the Periodic Table of the Elements",Science,57.35,"5,0/5"
2026-04-02 01:05:38,"Surely You're Joking, Mr. Feynman!: Adventures of a Curious Character",Science,25.83,"2,0/5"
2026-04-02 01:05:38,Seven Brief Lessons on Physics,Science,30.6,"4,0/5"
2026-04-02 01:05:38,The Selfish Gene,Science,29.45,"1,0/5"
2026-04-02 01:05:38,A Light in the Attic,Poetry,51.77,"3,0/5"
2026-04-02 01:05:38,The Black Maria,Poetry,52.15,"1,0/5"
2026-04-02 01:05:38,Shakespeare's Sonnets,Poetry,20.66,"4,0/5"
2026-04-02 01:05:38,Olio,Poetry,23.88,"1,0/5"
2026-04-02 01:05:38,You can't bury them all: Poems,Poetry,33.63,"2,0/5"
2026-04-02 01:05:38,Slow States of Collapse: Poems,Poetry,57.31,"3,0/5"
2026-04-02 01:05:38,Untitled Collection: Sabbath Poems 2014,Poetry,14.27,"4,0/5"
2026-04-02 01:05:38,Poems That Make Grown Women Cry,Poetry,14.19,"4,0/5"
2026-04-02 01:05:38,Night Sky with Exit Wounds,Poetry,41.05,"1,0/5"
2026-04-02 01:05:38,salt.,Poetry,46.78,"4,0/5"
2026-04-02 01:05:38,"Quarter Life Poetry: Poems for the Young, Broke and Hangry",Poetry,50.89,"5,0/5"
2026-04-02 01:05:38,Out of Print: City Lights Spotlight No. 14,Poetry,53.64,"5,0/5"
2026-04-02 01:05:38,Les Fleurs du Mal,Poetry,29.04,"5,0/5"
2026-04-02 01:05:38,Howl and Other Poems,Poetry,40.45,"2,0/5"
2026-04-02 01:05:38,Leave This Song Behind: Teen Poetry at Its Best,Poetry,51.17,"5,0/5"
2026-04-02 01:05:38,The Collected Poems of W.B. Yeats (The Collected Works of W.B. Yeats #1),Poetry,15.42,"5,0/5"
2026-04-02 01:05:38,The Crossover,Poetry,38.77,"4,0/5"
2026-04-02 01:05:38,Booked,Poetry,17.49,"5,0/5"
2026-04-02 01:05:38,Twenty Love Poems and a Song of Despair,Poetry,30.95,"4,0/5"
2026-04-02 01:05:38,"Vampire Knight, Vol. 1 (Vampire Knight #1)",Paranormal,15.4,"1,0/5"
2026-04-02 01:05:38,Wall and Piece,Art,44.18,"4,0/5"
2026-04-02 01:05:38,Feathers: Displays of Brilliant Plumage,Art,49.05,"3,0/5"
2026-04-02 01:05:38,Art and Fear: Observations on the Perils (and Rewards) of Artmaking,Art,48.63,"4,0/5"
2026-04-02 01:05:38,The New Drawing on the Right Side of the Brain,Art,43.02,"3,0/5"
2026-04-02 01:05:38,History of Beauty,Art,10.29,"4,0/5"
2026-04-02 01:05:38,The Story of Art,Art,41.14,"4,0/5"
2026-04-02 01:05:38,The Art Book,Art,32.34,"2,0/5"
2026-04-02 01:05:38,Ways of Seeing,Art,39.51,"5,0/5"
2026-04-02 01:05:38,The Lucifer Effect: Understanding How Good People Turn Evil,Psychology,10.4,"1,0/5"
2026-04-02 01:05:38,The Golden Condom: And Other Essays on Love Lost and Found,Psychology,39.43,"1,0/5"
2026-04-02 01:05:38,It Didn't Start with You: How Inherited Family Trauma Shapes Who We Are and How to End the Cycle,Psychology,56.27,"3,0/5"
2026-04-02 01:05:38,An Unquiet Mind: A Memoir of Moods and Madness,Psychology,21.3,"3,0/5"
2026-04-02 01:05:38,"Thinking, Fast and Slow",Psychology,21.14,"1,0/5"
2026-04-02 01:05:38,Civilization and Its Discontents,Psychology,59.95,"2,0/5"
2026-04-02 01:05:38,8 Keys to Mental Health Through Exercise,Psychology,31.04,"1,0/5"
2026-04-02 01:05:38,The Argonauts,Autobiography,10.93,"2,0/5"
2026-04-02 01:05:38,M Train,Autobiography,27.18,"1,0/5"
2026-04-02 01:05:38,Lab Girl,Autobiography,40.85,"1,0/5"
2026-04-02 01:05:38,Approval Junkie: Adventures in Caring Too Much,Autobiography,58.81,"5,0/5"
2026-04-02 01:05:38,Running with Scissors,Autobiography,12.91,"4,0/5"
2026-04-02 01:05:38,Me Talk Pretty One Day,Autobiography,57.6,"2,0/5"
2026-04-02 01:05:38,Lust & Wonder,Autobiography,11.87,"2,0/5"
2026-04-02 01:05:38,Life Without a Recipe,Autobiography,59.04,"5,0/5"
2026-04-02 01:05:38,A Heartbreaking Work of Staggering Genius,Autobiography,54.29,"5,0/5"
2026-04-02 01:05:38,Catastrophic Happiness: Finding Joy in Childhood's Messy Years,Parenting,37.35,"2,0/5"
2026-04-02 01:05:38,Fifty Shades Freed (Fifty Shades #3),Adult Fiction,15.36,"5,0/5"
2026-04-02 01:05:38,The Long Haul (Diary of a Wimpy Kid #9),Humor,44.07,"1,0/5"
2026-04-02 01:05:38,Old School (Diary of a Wimpy Kid #10),Humor,11.83,"5,0/5"
2026-04-02 01:05:38,I Know What I'm Doing -- and Other Lies I Tell Myself: Dispatches from a Life Under Construction,Humor,25.98,"4,0/5"
2026-04-02 01:05:38,"Hyperbole and a Half: Unfortunate Situations, Flawed Coping Mechanisms, Mayhem, and Other Things That Happened",Humor,14.75,"5,0/5"
2026-04-02 01:05:38,Dress Your Family in Corduroy and Denim,Humor,43.68,"3,0/5"
2026-04-02 01:05:38,Toddlers Are A**holes: It's Not Your Fault,Humor,25.55,"1,0/5"
2026-04-02 01:05:38,When You Are Engulfed in Flames,Humor,30.89,"5,0/5"
2026-04-02 01:05:38,Naked,Humor,31.69,"3,0/5"
2026-04-02 01:05:38,"Lamb: The Gospel According to Biff, Christ's Childhood Pal",Humor,55.5,"5,0/5"
2026-04-02 01:05:38,Holidays on Ice,Humor,51.07,"2,0/5"
2026-04-02 01:05:38,Security,Horror,39.25,"2,0/5"
2026-04-02 01:05:38,Follow You Home,Horror,21.36,"1,0/5"
2026-04-02 01:05:38,The Loney,Horror,23.4,"1,0/5"
2026-04-02 01:05:38,Pet Sematary,Horror,10.56,"3,0/5"
2026-04-02 01:05:38,Doctor Sleep (The Shining #2),Horror,40.12,"2,0/5"
2026-04-02 01:05:38,Psycho: Sanitarium (Psycho #1.5),Horror,36.97,"5,0/5"
2026-04-02 01:05:38,Can You Keep a Secret? (Fear Street Relaunch #4),Horror,48.64,"1,0/5"
2026-04-02 01:05:38,Red Dragon (Hannibal Lecter #1),Horror,23.37,"3,0/5"
2026-04-02 01:05:38,Dracula the Un-Dead,Horror,35.63,"5,0/5"
2026-04-02 01:05:38,Night Shift (Night Shift #1-20),Horror,12.75,"4,0/5"
2026-04-02 01:05:38,Needful Things,Horror,47.51,"4,0/5"
2026-04-02 01:05:38,Misery,Horror,34.79,"2,0/5"
2026-04-02 01:05:38,It,Horror,25.01,"3,0/5"
2026-04-02 01:05:38,'Salem's Lot,Horror,49.56,"4,0/5"
2026-04-02 01:05:38,The Stand,Horror,57.86,"2,0/5"
2026-04-02 01:05:38,The Girl with All the Gifts,Horror,49.47,"3,0/5"
2026-04-02 01:05:38,House of Leaves,Horror,54.89,"1,0/5"
2026-04-02 01:05:38,Sapiens: A Brief History of Humankind,History,54.23,"5,0/5"
2026-04-02 01:05:38,"Unbound: How Eight Technologies Made Us Human, Transformed Society, and Brought Our World to the Brink",History,25.52,"1,0/5"
2026-04-02 01:05:38,The Age of Genius: The Seventeenth Century and the Birth of the Modern Mind,History,19.73,"1,0/5"
2026-04-02 01:05:38,"Political Suicide: Missteps, Peccadilloes, Bad Calls, Backroom Hijinx, Sordid Pasts, Rotten Breaks, and Just Plain Dumb Mistakes in the Annals of American Politics",History,36.28,"2,0/5"
2026-04-02 01:05:38,Thomas Jefferson and the Tripoli Pirates: The Forgotten War That Changed American History,History,59.64,"1,0/5"
2026-04-02 01:05:38,Zealot: The Life and Times of Jesus of Nazareth,History,24.7,"3,0/5"
2026-04-02 01:05:38,A Distant Mirror: The Calamitous 14th Century,History,14.58,"3,0/5"
2026-04-02 01:05:38,1491: New Revelations of the Americas Before Columbus,History,21.8,"3,0/5"
2026-04-02 01:05:38,Brilliant Beacons: A History of the American Lighthouse,History,11.45,"3,0/5"
2026-04-02 01:05:38,"""Most Blessed of the Patriarchs"": Thomas Jefferson and the Empire of the Imagination",History,44.48,"5,0/5"
2026-04-02 01:05:38,A Short History of Nearly Everything,History,52.4,"5,0/5"
2026-04-02 01:05:38,The Rise and Fall of the Third Reich: A History of Nazi Germany,History,39.67,"2,0/5"
2026-04-02 01:05:38,Catherine the Great: Portrait of a Woman,History,58.55,"4,0/5"
2026-04-02 01:05:38,The Mathews Men: Seven Brothers and the War Against Hitler's U-boats,History,42.91,"5,0/5"
2026-04-02 01:05:38,The Hiding Place,History,55.91,"4,0/5"
2026-04-02 01:05:38,America's War for the Greater Middle East: A Military History,History,51.22,"2,0/5"
2026-04-02 01:05:38,The Guns of August,History,14.54,"2,0/5"
2026-04-02 01:05:38,"House of Lost Worlds: Dinosaurs, Dynasties, and the Story of Life on Earth",History,43.7,"2,0/5"
2026-04-02 01:05:38,"Foolproof Preserving: A Guide to Small Batch Jams, Jellies, Pickles, Condiments, and More: A Foolproof Guide to Making Small Batch Jams, Jellies, Pickles, Condiments, and More",Food and Drink,30.52,"3,0/5"
2026-04-02 01:05:38,"The Pioneer Woman Cooks: Dinnertime: Comfort Classics, Freezer Food, 16-Minute Meals, and Other Delicious Ways to Solve Supper!",Food and Drink,56.41,"1,0/5"
2026-04-02 01:05:38,My Paris Kitchen: Recipes and Stories,Food and Drink,33.37,"2,0/5"
2026-04-02 01:05:38,"Mama Tried: Traditional Italian Cooking for the Screwed, Crude, Vegan, and Tattooed",Food and Drink,14.02,"4,0/5"
2026-04-02 01:05:38,"Layered: Baking, Building, and Styling Spectacular Cakes",Food and Drink,40.11,"1,0/5"
2026-04-02 01:05:38,The Nerdy Nummies Cookbook: Sweet Treats for the Geek in All of Us,Food and Drink,37.34,"5,0/5"
2026-04-02 01:05:38,The Love and Lemons Cookbook: An Apple-to-Zucchini Celebration of Impromptu Cooking,Food and Drink,37.6,"2,0/5"
2026-04-02 01:05:38,The Cookies & Cups Cookbook: 125+ sweet & savory recipes reminding you to Always Eat Dessert First,Food and Drink,41.25,"1,0/5"
2026-04-02 01:05:38,"Deliciously Ella Every Day: Quick and Easy Recipes for Gluten-Free Snacks, Packed Lunches, and Simple Meals",Food and Drink,42.16,"3,0/5"
2026-04-02 01:05:38,The Help Yourself Cookbook for Kids: 60 Easy Plant-Based Recipes Kids Can Make to Stay Healthy and Save the Earth,Food and Drink,28.77,"3,0/5"
2026-04-02 01:05:38,"It's All Easy: Healthy, Delicious Weeknight Meals in under 30 Minutes",Food and Drink,19.55,"1,0/5"
2026-04-02 01:05:38,Barefoot Contessa Back to Basics,Food and Drink,28.01,"1,0/5"
2026-04-02 01:05:38,Barefoot Contessa at Home: Everyday Recipes You'll Make Over and Over Again,Food and Drink,50.62,"5,0/5"
2026-04-02 01:05:38,My Kitchen Year: 136 Recipes That Saved My Life,Food and Drink,11.53,"2,0/5"
2026-04-02 01:05:38,Everyday Italian: 125 Simple and Delicious Recipes,Food and Drink,20.1,"5,0/5"
2026-04-02 01:05:38,"A la Mode: 120 Recipes in 60 Pairings: Pies, Tarts, Cakes, Crisps, and More Topped with Ice Cream, Gelato, Frozen Custard, and More",Food and Drink,38.77,"1,0/5"
2026-04-02 01:05:38,Cravings: Recipes for What You Want to Eat,Food and Drink,20.5,"3,0/5"
2026-04-02 01:05:38,"The Moosewood Cookbook: Recipes from Moosewood Restaurant, Ithaca, New York",Food and Drink,12.34,"4,0/5"
2026-04-02 01:05:38,32 Yolks,Food and Drink,53.63,"2,0/5"
2026-04-02 01:05:38,"Naturally Lean: 125 Nourishing Gluten-Free, Plant-Based Recipes--All Under 300 Calories",Food and Drink,11.38,"5,0/5"
2026-04-02 01:05:38,How to Cook Everything Vegetarian: Simple Meatless Recipes for Great Food (How to Cook Everything),Food and Drink,46.01,"4,0/5"
2026-04-02 01:05:38,How to Be a Domestic Goddess: Baking and the Art of Comfort Cooking,Food and Drink,28.25,"2,0/5"
2026-04-02 01:05:38,The Barefoot Contessa Cookbook,Food and Drink,59.92,"5,0/5"
2026-04-02 01:05:38,Better Homes and Gardens New Cook Book,Food and Drink,39.61,"3,0/5"
2026-04-02 01:05:38,The Power Greens Cookbook: 140 Delicious Superfood Recipes,Food and Drink,11.05,"5,0/5"
2026-04-02 01:05:38,Mexican Today: New and Rediscovered Recipes for Contemporary Kitchens,Food and Drink,24.91,"5,0/5"
2026-04-02 01:05:38,Vegan Vegetarian Omnivore: Dinner for Everyone at the Table,Food and Drink,13.66,"2,0/5"
2026-04-02 01:05:38,The Smitten Kitchen Cookbook,Food and Drink,23.59,"1,0/5"
2026-04-02 01:05:38,"The Art of Simple Food: Notes, Lessons, and Recipes from a Delicious Revolution",Food and Drink,34.32,"3,0/5"
2026-04-02 01:05:38,Hungry Girl Clean & Hungry: Easy All-Natural Recipes for Healthy Eating in the Real World,Food and Drink,33.14,"3,0/5"
2026-04-02 01:05:38,Redeeming Love,Christian Fiction,20.47,"5,0/5"
2026-04-02 01:05:38,Close to You,Christian Fiction,49.46,"4,0/5"
2026-04-02 01:05:38,Shadows of the Past (Logan Point #1),Christian Fiction,39.67,"5,0/5"
2026-04-02 01:05:38,Like Never Before (Walker Family #2),Christian Fiction,28.77,"2,0/5"
2026-04-02 01:05:38,Counted With the Stars (Out from Egypt #1),Christian Fiction,17.97,"5,0/5"
2026-04-02 01:05:38,If I Run (If I Run #1),Christian Fiction,49.97,"4,0/5"
2026-04-02 01:05:38,The Dirty Little Secrets of Getting Your Dream Job,Business,33.34,"4,0/5"
2026-04-02 01:05:38,The Third Wave: An Entrepreneur’s Vision of the Future,Business,12.61,"5,0/5"
2026-04-02 01:05:38,The 10% Entrepreneur: Live Your Startup Dream Without Quitting Your Day Job,Business,27.55,"3,0/5"
2026-04-02 01:05:38,Shoe Dog: A Memoir by the Creator of NIKE,Business,23.99,"2,0/5"
2026-04-02 01:05:38,Made to Stick: Why Some Ideas Survive and Others Die,Business,38.85,"5,0/5"
2026-04-02 01:05:38,Quench Your Own Thirst: Business Lessons Learned Over a Beer or Two,Business,43.14,"1,0/5"
2026-04-02 01:05:38,The Art of Startup Fundraising,Business,21.0,"3,0/5"
2026-04-02 01:05:38,Born for This: How to Find the Work You Were Meant to Do,Business,21.59,"5,0/5"
2026-04-02 01:05:38,The E-Myth Revisited: Why Most Small Businesses Don't Work and What to Do About It,Business,36.91,"1,0/5"
2026-04-02 01:05:38,"Rich Dad, Poor Dad",Business,51.74,"1,0/5"
2026-04-02 01:05:38,The Lean Startup: How Today's Entrepreneurs Use Continuous Innovation to Create Radically Successful Businesses,Business,33.92,"3,0/5"
2026-04-02 01:05:38,Rework,Business,44.88,"2,0/5"
2026-04-02 01:05:38,Louisa: The Extraordinary Life of Mrs. Adams,Biography,16.85,"2,0/5"
2026-04-02 01:05:38,"Setting the World on Fire: The Brief, Astonishing Life of St. Catherine of Siena",Biography,21.15,"2,0/5"
2026-04-02 01:05:38,The Faith of Christopher Hitchens: The Restless Soul of the World's Most Notorious Atheist,Biography,39.55,"1,0/5"
2026-04-02 01:05:38,Benjamin Franklin: An American Life,Biography,48.19,"3,0/5"
2026-04-02 01:05:38,The Rise of Theodore Roosevelt (Theodore Roosevelt #1),Biography,42.57,"3,0/5"
2026-04-02 01:05:38,In Her Wake,Thriller,12.84,"1,0/5"
2026-04-02 01:05:38,The Elephant Tree,Thriller,23.82,"5,0/5"
2026-04-02 01:05:38,Behind Closed Doors,Thriller,52.22,"4,0/5"
2026-04-02 01:05:38,You (You #1),Thriller,43.61,"5,0/5"
2026-04-02 01:05:38,The Guilty (Will Robie #4),Thriller,13.82,"2,0/5"
2026-04-02 01:05:38,The 14th Colony (Cotton Malone #11),Thriller,39.24,"1,0/5"
2026-04-02 01:05:38,Give It Back,Thriller,18.32,"2,0/5"
2026-04-02 01:05:38,Killing Floor (Jack Reacher #1),Thriller,31.49,"4,0/5"
2026-04-02 01:05:38,The Bone Hunters (Lexy Vaughan & Steven Macaulay #2),Thriller,59.71,"3,0/5"
2026-04-02 01:05:38,Far From True (Promise Falls Trilogy #2),Thriller,34.93,"2,0/5"
2026-04-02 01:05:38,The Travelers,Thriller,15.77,"1,0/5"
2026-04-02 01:05:38,When We Collided,Contemporary,31.77,"1,0/5"
2026-04-02 01:05:38,Someone Like You (The Harrisons #2),Contemporary,52.79,"5,0/5"
2026-04-02 01:05:38,We Are All Completely Beside Ourselves,Contemporary,24.04,"1,0/5"
2026-04-02 01:05:38,The Four Agreements: A Practical Guide to Personal Freedom,Spirituality,17.66,"5,0/5"
2026-04-02 01:05:38,The Activist's Tao Te Ching: Ancient Advice for a Modern Revolution,Spirituality,32.24,"5,0/5"
2026-04-02 01:05:38,Chasing Heaven: What Dying Taught Me About Living,Spirituality,37.8,"2,0/5"
2026-04-02 01:05:38,If I Gave You God's Phone Number....: Searching for Spirituality in America,Spirituality,20.91,"1,0/5"
2026-04-02 01:05:38,Unreasonable Hope: Finding Faith in the God Who Brings Purpose to Your Pain,Spirituality,46.33,"2,0/5"
2026-04-02 01:05:38,A New Earth: Awakening to Your Life's Purpose,Spirituality,55.65,"5,0/5"
2026-04-02 01:05:38,Logan Kade (Fallen Crest High #5.5),Academic,13.12,"2,0/5"
2026-04-02 01:05:38,Online Marketing for Busy Authors: A Step-By-Step Guide,Self Help,46.35,"1,0/5"
2026-04-02 01:05:38,How to Be Miserable: 40 Strategies You Already Use,Self Help,46.03,"1,0/5"
2026-04-02 01:05:38,"Overload: How to Unplug, Unwind, and Unleash Yourself from the Pressure of Stress",Self Help,52.15,"3,0/5"
2026-04-02 01:05:38,You Are a Badass: How to Stop Doubting Your Greatness and Start Living an Awesome Life,Self Help,12.08,"3,0/5"
2026-04-02 01:05:38,How to Stop Worrying and Start Living,Self Help,46.49,"5,0/5"
2026-04-02 01:05:38,All the Light We Cannot See,Historical,29.87,"5,0/5"
2026-04-02 01:05:38,The Girl You Left Behind (The Girl You Left Behind #1),Historical,15.79,"1,0/5"
2026-04-02 01:05:38,(Un)Qualified: How God Uses Broken People to Do Big Things,Christian,54.0,"5,0/5"
2026-04-02 01:05:38,Crazy Love: Overwhelmed by a Relentless God,Christian,47.72,"2,0/5"
2026-04-02 01:05:38,Blue Like Jazz: Nonreligious Thoughts on Christian Spirituality,Christian,25.77,"1,0/5"
2026-04-02 01:05:38,Silence in the Dark (Logan Point #4),Suspense,58.33,"3,0/5"
2026-04-02 01:05:38,The Grownup,Short Stories,35.88,"1,0/5"
2026-04-02 01:05:38,Suzie Snowflake: One beautiful flake (a self-esteem story),Novels,54.81,"5,0/5"
2026-04-02 01:05:38,"The Bulletproof Diet: Lose up to a Pound a Day, Reclaim Energy and Focus, Upgrade Your Life",Health,49.05,"3,0/5"
2026-04-02 01:05:38,"Eat Fat, Get Thin",Health,54.07,"2,0/5"
2026-04-02 01:05:38,10-Day Green Smoothie Cleanse: Lose Up to 15 Pounds in 10 Days!,Health,49.71,"5,0/5"
2026-04-02 01:05:38,The Art and Science of Low Carbohydrate Living,Health,52.98,"5,0/5"
2026-04-02 01:05:38,Libertarianism for Beginners,Politics,51.33,"2,0/5"
2026-04-02 01:05:38,Why the Right Went Wrong: Conservatism--From Goldwater to the Tea Party and Beyond,Politics,52.65,"4,0/5"
2026-04-02 01:05:38,Equal Is Unfair: America's Misguided Fight Against Income Inequality,Politics,56.86,"1,0/5"
2026-04-02 01:05:38,Amid the Chaos,Cultural,36.58,"1,0/5"
2026-04-02 01:05:38,Dark Notes,Erotica,19.19,"5,0/5"
2026-04-02 01:05:38,The Long Shadow of Small Ghosts: Murder and Memory in an American City,Crime,10.97,"1,0/5"
